Workbook

Sheet Cover
A1: Sales Capacity Planning
A2: Last update: May 30, 2025
A3: FOR EDUCATIONAL PURPOSES ONLY
B5: SHARE THIS DOC AND SUBSCRIBE TO GET MORE>>> | F5: CFOPilot
B7: This file is just for educational purposes and to show what a sales capacity planning model might look like Disclaimer: There might be formula mistakes and/or differences on how you need to forecast
B14: *Subscribe and get future updates to the model as I add more layers to this sales capacity model

Sheet ARR Waterfall
A1: Sales Capacity Planning Template
E3: Quarterly>>> | J3: Monthly>>> | K3: Forecast | L3: Forecast | M3: Forecast | N3: Forecast | O3: Forecast | P3: Forecast | Q3: Forecast | R3: Forecast | S3: Forecast | T3: Forecast | U3: Forecast | V3: Forecast
C4: FY25 | E4: Q1FY25 | F4: Q2FY25 | G4: Q3FY25 | H4: Q4FY25 | J4: 44950 | K4: 44981 | L4: 45009 | M4: 45040 | N4: 45070 | O4: 45101 | P4: 45131 | Q4: 45162 | R4: 45193 | S4: 45223 | T4: 45254 | U4: 45284 | V4: 44951
B5: Beginning ARR | C5: =J9 -> 25000000 | E5: =J9 -> 25000000 | F5: =E9 -> 25434800 | G5: =F9 -> 26182020 | H5: =G9 -> 27561920 | K5: =J9 -> 25000000 | L5: =K9 -> 25100920 | M5: =L9 -> 25231360 | N5: =M9 -> 25434800 | O5: =N9 -> 25639040 | P5: =O9 -> 25850660 | Q5: =P9 -> 26182020 | R5: =Q9 -> 26548020 | ... V5: =U9 -> 28948340
B6: (+) New Business ARR | C6: =sum(E6:H6) -> 5953200 | E6: =SUM(K6:M6) -> 747840 | F6: =SUM(N6:P6) -> 997776 | G6: =SUM(Q6:S6) -> 1603920 | H6: =SUM(T6:V6) -> 2603664 | K6: ='Sales Capacity'!G62-K7 -> 200736 | L6: ='Sales Capacity'!H62-L7 -> 224352 | M6: ='Sales Capacity'!I62-M7 -> 322752 | N6: ='Sales Capacity'!J62-N7 -> 283392 | O6: ='Sales Capacity'!K62-O7 -> 289296 | P6: ='Sales Capacity'!L62-P7 -> 425088 | Q6: ='Sales Capacity'!M62-Q7 -> 442800 | R6: ='Sales Capacity'!N62-R7 -> 472320 | ... V6: ='Sales Capacity'!R62-V7 -> 1074528
B7: (+) Expansion | C7: =sum(E7:H7) -> 1488300 | E7: =SUM(K7:M7) -> 186960 | F7: =SUM(N7:P7) -> 249444 | G7: =SUM(Q7:S7) -> 400980 | H7: =SUM(T7:V7) -> 650916 | K7: ='Sales Capacity'!G62*Drivers!$C$28 -> 50184 | L7: ='Sales Capacity'!H62*Drivers!$C$28 -> 56088 | M7: ='Sales Capacity'!I62*Drivers!$C$28 -> 80688 | N7: ='Sales Capacity'!J62*Drivers!$C$28 -> 70848 | O7: ='Sales Capacity'!K62*Drivers!$C$28 -> 72324 | P7: ='Sales Capacity'!L62*Drivers!$C$28 -> 106272 | Q7: ='Sales Capacity'!M62*Drivers!$C$28 -> 110700 | R7: ='Sales Capacity'!N62*Drivers!$C$28 -> 118080 | ... V7: ='Sales Capacity'!R62*Drivers!$C$28 -> 268632
B8: (-) Churn (logo & revenue) | C8: =sum(E8:H8) -> -2500000 | E8: =SUM(K8:M8) -> -500000 | F8: =SUM(N8:P8) -> -500000 | G8: =SUM(Q8:S8) -> -625000 | H8: =SUM(T8:V8) -> -875000 | K8: =-$J$9*Drivers!$C$26*Drivers!C24 -> -150000 | L8: =-$J$9*Drivers!$C$26*Drivers!D24 -> -150000 | M8: =-$J$9*Drivers!$C$26*Drivers!E24 -> -200000 | N8: =-$J$9*Drivers!$C$26*Drivers!F24 -> -150000 | O8: =-$J$9*Drivers!$C$26*Drivers!G24 -> -150000 | P8: =-$J$9*Drivers!$C$26*Drivers!H24 -> -200000 | Q8: =-$J$9*Drivers!$C$26*Drivers!I24 -> -187500 | R8: =-$J$9*Drivers!$C$26*Drivers!J24 -> -187500 | ... V8: =-$J$9*Drivers!$C$26*Drivers!N24 -> -350000
B9: Ending ARR | C9: =SUM(C5:C8) -> 29941500 | E9: =SUM(E5:E8) -> 25434800 | F9: =SUM(F5:F8) -> 26182020 | G9: =SUM(G5:G8) -> 27561920 | H9: =SUM(H5:H8) -> 29941500 | J9: 25000000 | K9: =SUM(K5:K8) -> 25100920 | L9: =SUM(L5:L8) -> 25231360 | M9: =SUM(M5:M8) -> 25434800 | N9: =SUM(N5:N8) -> 25639040 | O9: =SUM(O5:O8) -> 25850660 | P9: =SUM(P5:P8) -> 26182020 | Q9: =SUM(Q5:Q8) -> 26548020 | R9: =SUM(R5:R8) -> 26950920 | ... V9: =SUM(V5:V8) -> 29941500
B10: growth % y/y | C10: =C9/C5-1 -> 0.19766 | H10: =H9/E5-1 -> 0.19766 | V10: =V9/J9-1 -> 0.19766
B11: growth % m/m | K11: =K9/J9-1 -> 0.0040368 | L11: =L9/K9-1 -> 0.0051966223 | M11: =M9/L9-1 -> 0.0080629819 | N11: =N9/M9-1 -> 0.0080299432 | O11: =O9/N9-1 -> 0.0082538192 | P11: =P9/O9-1 -> 0.012818241 | Q11: =Q9/P9-1 -> 0.013979059 | R11: =R9/Q9-1 -> 0.015176273 | ... V11: =V9/U9-1 -> 0.034308012
B14: Attainment Forecasts
B15: FY25 Board ARR Target | C15: 31000000
B16: Current Forecast | C16: =C9 -> 29941500
B17: Excess/(Shortfall) | C17: =C16-C15 -> -1058500
B19: Forecasted New ARR | C19: =sum(C6:C7) -> 7441500
B20: Street Quota | C20: =SUM('Sales Capacity'!G55:R55) -> 9075000 | D20: *Total available quota (no overassign)
B22: Remaining overassign/(underassign) | C22: =C20-C19 -> 1633500
B23: % overassign/(underassign) | C23: =C22/C20 -> 0.18 | D23: *Before any actuals are added this will equal the overassign noted on the "Drivers" tab

Sheet Sales Capacity
G1: 45351 | H1: =EOMONTH(G1,1) -> 45382 | I1: =EOMONTH(H1,1) -> 45412 | J1: =EOMONTH(I1,1) -> 45443 | K1: =EOMONTH(J1,1) -> 45473 | L1: =EOMONTH(K1,1) -> 45504 | M1: =EOMONTH(L1,1) -> 45535 | N1: =EOMONTH(M1,1) -> 45565 | O1: =EOMONTH(N1,1) -> 45596 | ... AD1: =EOMONTH(AC1,1) -> 46053
B2: AE name | C2: Role | D2: Actual / Forecasted Start Date | E2: End Date (including forecasts) | G2: =SWITCH(MONTH(G1),2,"Q1",3,"Q1",4,"Q1",5,"Q2",6,"Q2",7,"Q2",8,"Q3",9,"Q3",10,"Q3","Q4")&"M"&SWITCH(MONTH(G1),2,"1",3,"2",4,"3",5,"1",6,"2",7,"3",8,"1",9,"2",10,"3",11,"2",12,"2",1,"3",)&"FY"&IF(MONTH(G1)=1,TEXT(G1,"yy"),TEXT(DATE(YEAR(G1)+1,MONTH(G1),DAY(G1)),"yy")) -> Q1M1FY25 | H2: =SWITCH(MONTH(H1),2,"Q1",3,"Q1",4,"Q1",5,"Q2",6,"Q2",7,"Q2",8,"Q3",9,"Q3",10,"Q3","Q4")&"M"&SWITCH(MONTH(H1),2,"1",3,"2",4,"3",5,"1",6,"2",7,"3",8,"1",9,"2",10,"3",11,"2",12,"2",1,"3",)&"FY"&IF(MONTH(H1)=1,TEXT(H1,"yy"),TEXT(DATE(YEAR(H1)+1,MONTH(H1),DAY(H1)),"yy")) -> Q1M2FY25 | I2: =SWITCH(MONTH(I1),2,"Q1",3,"Q1",4,"Q1",5,"Q2",6,"Q2",7,"Q2",8,"Q3",9,"Q3",10,"Q3","Q4")&"M"&SWITCH(MONTH(I1),2,"1",3,"2",4,"3",5,"1",6,"2",7,"3",8,"1",9,"2",10,"3",11,"2",12,"2",1,"3",)&"FY"&IF(MONTH(I1)=1,TEXT(I1,"yy"),TEXT(DATE(YEAR(I1)+1,MONTH(I1),DAY(I1)),"yy")) -> Q1M3FY25 | J2: =SWITCH(MONTH(J1),2,"Q1",3,"Q1",4,"Q1",5,"Q2",6,"Q2",7,"Q2",8,"Q3",9,"Q3",10,"Q3","Q4")&"M"&SWITCH(MONTH(J1),2,"1",3,"2",4,"3",5,"1",6,"2",7,"3",8,"1",9,"2",10,"3",11,"2",12,"2",1,"3",)&"FY"&IF(MONTH(J1)=1,TEXT(J1,"yy"),TEXT(DATE(YEAR(J1)+1,MONTH(J1),DAY(J1)),"yy")) -> Q2M1FY25 | K2: =SWITCH(MONTH(K1),2,"Q1",3,"Q1",4,"Q1",5,"Q2",6,"Q2",7,"Q2",8,"Q3",9,"Q3",10,"Q3","Q4")&"M"&SWITCH(MONTH(K1),2,"1",3,"2",4,"3",5,"1",6,"2",7,"3",8,"1",9,"2",10,"3",11,"2",12,"2",1,"3",)&"FY"&IF(MONTH(K1)=1,TEXT(K1,"yy"),TEXT(DATE(YEAR(K1)+1,MONTH(K1),DAY(K1)),"yy")) -> Q2M2FY25 | L2: =SWITCH(MONTH(L1),2,"Q1",3,"Q1",4,"Q1",5,"Q2",6,"Q2",7,"Q2",8,"Q3",9,"Q3",10,"Q3","Q4")&"M"&SWITCH(MONTH(L1),2,"1",3,"2",4,"3",5,"1",6,"2",7,"3",8,"1",9,"2",10,"3",11,"2",12,"2",1,"3",)&"FY"&IF(MONTH(L1)=1,TEXT(L1,"yy"),TEXT(DATE(YEAR(L1)+1,MONTH(L1),DAY(L1)),"yy")) -> Q2M3FY25 | M2: =SWITCH(MONTH(M1),2,"Q1",3,"Q1",4,"Q1",5,"Q2",6,"Q2",7,"Q2",8,"Q3",9,"Q3",10,"Q3","Q4")&"M"&SWITCH(MONTH(M1),2,"1",3,"2",4,"3",5,"1",6,"2",7,"3",8,"1",9,"2",10,"3",11,"2",12,"2",1,"3",)&"FY"&IF(MONTH(M1)=1,TEXT(M1,"yy"),TEXT(DATE(YEAR(M1)+1,MONTH(M1),DAY(M1)),"yy")) -> Q3M1FY25 | N2: =SWITCH(MONTH(N1),2,"Q1",3,"Q1",4,"Q1",5,"Q2",6,"Q2",7,"Q2",8,"Q3",9,"Q3",10,"Q3","Q4")&"M"&SWITCH(MONTH(N1),2,"1",3,"2",4,"3",5,"1",6,"2",7,"3",8,"1",9,"2",10,"3",11,"2",12,"2",1,"3",)&"FY"&IF(MONTH(N1)=1,TEXT(N1,"yy"),TEXT(DATE(YEAR(N1)+1,MONTH(N1),DAY(N1)),"yy")) -> Q3M2FY25 | ... AD2: =SWITCH(MONTH(AD1),2,"Q1",3,"Q1",4,"Q1",5,"Q2",6,"Q2",7,"Q2",8,"Q3",9,"Q3",10,"Q3","Q4")&"M"&SWITCH(MONTH(AD1),2,"1",3,"2",4,"3",5,"1",6,"2",7,"3",8,"1",9,"2",10,"3",11,"2",12,"2",1,"3",)&"FY"&IF(MONTH(AD1)=1,TEXT(AD1,"yy"),TEXT(DATE(YEAR(AD1)+1,MONTH(AD1),DAY(AD1)),"yy")) -> Q4M3FY26
B4: Ramping Rep Equivelents (RRE)
B5: OnlyCFO | C5: Account Executives - Enterprise | D5: 44562 | E5: 1/0/00 | G5: {=if(AND($E5<G$1,$E5<>0),0,iferror(INDEX(Drivers!$C$11:$N$13,MATCH($C5,Drivers!$B$11:$B$13,0),MATCH(min(((year(G$1)-YEAR($D5))*12+MONTH(G$1)-MONTH($D5)),12),Drivers!$C$10:$N$10))))} -> 1 | H5: {=if(AND($E5<H$1,$E5<>0),0,iferror(INDEX(Drivers!$C$11:$N$13,MATCH($C5,Drivers!$B$11:$B$13,0),MATCH(min(((year(H$1)-YEAR($D5))*12+MONTH(H$1)-MONTH($D5)),12),Drivers!$C$10:$N$10))))} -> 1 | I5: {=if(AND($E5<I$1,$E5<>0),0,iferror(INDEX(Drivers!$C$11:$N$13,MATCH($C5,Drivers!$B$11:$B$13,0),MATCH(min(((year(I$1)-YEAR($D5))*12+MONTH(I$1)-MONTH($D5)),12),Drivers!$C$10:$N$10))))} -> 1 | J5: {=if(AND($E5<J$1,$E5<>0),0,iferror(INDEX(Drivers!$C$11:$N$13,MATCH($C5,Drivers!$B$11:$B$13,0),MATCH(min(((year(J$1)-YEAR($D5))*12+MONTH(J$1)-MONTH($D5)),12),Drivers!$C$10:$N$10))))} -> 1 | K5: {=if(AND($E5<K$1,$E5<>0),0,iferror(INDEX(Drivers!$C$11:$N$13,MATCH($C5,Drivers!$B$11:$B$13,0),MATCH(min(((year(K$1)-YEAR($D5))*12+MONTH(K$1)-MONTH($D5)),12),Drivers!$C$10:$N$10))))} -> 1 | L5: {=if(AND($E5<L$1,$E5<>0),0,iferror(INDEX(Drivers!$C$11:$N$13,MATCH($C5,Drivers!$B$11:$B$13,0),MATCH(min(((year(L$1)-YEAR($D5))*12+MONTH(L$1)-MONTH($D5)),12),Drivers!$C$10:$N$10))))} -> 1 | M5: {=if(AND($E5<M$1,$E5<>0),0,iferror(INDEX(Drivers!$C$11:$N$13,MATCH($C5,Drivers!$B$11:$B$13,0),MATCH(min(((year(M$1)-YEAR($D5))*12+MONTH(M$1)-MONTH($D5)),12),Drivers!$C$10:$N$10))))} -> 1 | N5: {=if(AND($E5<N$1,$E5<>0),0,iferror(INDEX(Drivers!$C$11:$N$13,MATCH($C5,Drivers!$B$11:$B$13,0),MATCH(min(((year(N$1)-YEAR($D5))*12+MONTH(N$1)-MONTH($D5)),12),Drivers!$C$10:$N$10))))} -> 1 | ... AD5: {=if(AND($E5<AD$1,$E5<>0),0,iferror(INDEX(Drivers!$C$11:$N$13,MATCH($C5,Drivers!$B$11:$B$13,0),MATCH(min(((year(AD$1)-YEAR($D5))*12+MONTH(AD$1)-MONTH($D5)),12),Drivers!$C$10:$N$10))))} -> 1
B6: Bob | C6: Account Executives - Mid Market | D6: 44652 | E6: 1/0/00 | G6: {=if(AND($E6<G$1,$E6<>0),0,iferror(INDEX(Drivers!$C$11:$N$13,MATCH($C6,Drivers!$B$11:$B$13,0),MATCH(min(((year(G$1)-YEAR($D6))*12+MONTH(G$1)-MONTH($D6)),12),Drivers!$C$10:$N$10))))} -> 1 | H6: {=if(AND($E6<H$1,$E6<>0),0,iferror(INDEX(Drivers!$C$11:$N$13,MATCH($C6,Drivers!$B$11:$B$13,0),MATCH(min(((year(H$1)-YEAR($D6))*12+MONTH(H$1)-MONTH($D6)),12),Drivers!$C$10:$N$10))))} -> 1 | I6: {=if(AND($E6<I$1,$E6<>0),0,iferror(INDEX(Drivers!$C$11:$N$13,MATCH($C6,Drivers!$B$11:$B$13,0),MATCH(min(((year(I$1)-YEAR($D6))*12+MONTH(I$1)-MONTH($D6)),12),Drivers!$C$10:$N$10))))} -> 1 | J6: {=if(AND($E6<J$1,$E6<>0),0,iferror(INDEX(Drivers!$C$11:$N$13,MATCH($C6,Drivers!$B$11:$B$13,0),MATCH(min(((year(J$1)-YEAR($D6))*12+MONTH(J$1)-MONTH($D6)),12),Drivers!$C$10:$N$10))))} -> 1 | K6: {=if(AND($E6<K$1,$E6<>0),0,iferror(INDEX(Drivers!$C$11:$N$13,MATCH($C6,Drivers!$B$11:$B$13,0),MATCH(min(((year(K$1)-YEAR($D6))*12+MONTH(K$1)-MONTH($D6)),12),Drivers!$C$10:$N$10))))} -> 1 | L6: {=if(AND($E6<L$1,$E6<>0),0,iferror(INDEX(Drivers!$C$11:$N$13,MATCH($C6,Drivers!$B$11:$B$13,0),MATCH(min(((year(L$1)-YEAR($D6))*12+MONTH(L$1)-MONTH($D6)),12),Drivers!$C$10:$N$10))))} -> 1 | M6: {=if(AND($E6<M$1,$E6<>0),0,iferror(INDEX(Drivers!$C$11:$N$13,MATCH($C6,Drivers!$B$11:$B$13,0),MATCH(min(((year(M$1)-YEAR($D6))*12+MONTH(M$1)-MONTH($D6)),12),Drivers!$C$10:$N$10))))} -> 1 | N6: {=if(AND($E6<N$1,$E6<>0),0,iferror(INDEX(Drivers!$C$11:$N$13,MATCH($C6,Drivers!$B$11:$B$13,0),MATCH(min(((year(N$1)-YEAR($D6))*12+MONTH(N$1)-MONTH($D6)),12),Drivers!$C$10:$N$10))))} -> 1 | ... AD6: {=if(AND($E6<AD$1,$E6<>0),0,iferror(INDEX(Drivers!$C$11:$N$13,MATCH($C6,Drivers!$B$11:$B$13,0),MATCH(min(((year(AD$1)-YEAR($D6))*12+MONTH(AD$1)-MONTH($D6)),12),Drivers!$C$10:$N$10))))} -> 1
B7: John | C7: Account Executives - Enterprise | D7: 44835 | E7: 1/0/00 | G7: {=if(AND($E7<G$1,$E7<>0),0,iferror(INDEX(Drivers!$C$11:$N$13,MATCH($C7,Drivers!$B$11:$B$13,0),MATCH(min(((year(G$1)-YEAR($D7))*12+MONTH(G$1)-MONTH($D7)),12),Drivers!$C$10:$N$10))))} -> 1 | H7: {=if(AND($E7<H$1,$E7<>0),0,iferror(INDEX(Drivers!$C$11:$N$13,MATCH($C7,Drivers!$B$11:$B$13,0),MATCH(min(((year(H$1)-YEAR($D7))*12+MONTH(H$1)-MONTH($D7)),12),Drivers!$C$10:$N$10))))} -> 1 | I7: {=if(AND($E7<I$1,$E7<>0),0,iferror(INDEX(Drivers!$C$11:$N$13,MATCH($C7,Drivers!$B$11:$B$13,0),MATCH(min(((year(I$1)-YEAR($D7))*12+MONTH(I$1)-MONTH($D7)),12),Drivers!$C$10:$N$10))))} -> 1 | J7: {=if(AND($E7<J$1,$E7<>0),0,iferror(INDEX(Drivers!$C$11:$N$13,MATCH($C7,Drivers!$B$11:$B$13,0),MATCH(min(((year(J$1)-YEAR($D7))*12+MONTH(J$1)-MONTH($D7)),12),Drivers!$C$10:$N$10))))} -> 1 | K7: {=if(AND($E7<K$1,$E7<>0),0,iferror(INDEX(Drivers!$C$11:$N$13,MATCH($C7,Drivers!$B$11:$B$13,0),MATCH(min(((year(K$1)-YEAR($D7))*12+MONTH(K$1)-MONTH($D7)),12),Drivers!$C$10:$N$10))))} -> 1 | L7: {=if(AND($E7<L$1,$E7<>0),0,iferror(INDEX(Drivers!$C$11:$N$13,MATCH($C7,Drivers!$B$11:$B$13,0),MATCH(min(((year(L$1)-YEAR($D7))*12+MONTH(L$1)-MONTH($D7)),12),Drivers!$C$10:$N$10))))} -> 1 | M7: {=if(AND($E7<M$1,$E7<>0),0,iferror(INDEX(Drivers!$C$11:$N$13,MATCH($C7,Drivers!$B$11:$B$13,0),MATCH(min(((year(M$1)-YEAR($D7))*12+MONTH(M$1)-MONTH($D7)),12),Drivers!$C$10:$N$10))))} -> 1 | N7: {=if(AND($E7<N$1,$E7<>0),0,iferror(INDEX(Drivers!$C$11:$N$13,MATCH($C7,Drivers!$B$11:$B$13,0),MATCH(min(((year(N$1)-YEAR($D7))*12+MONTH(N$1)-MONTH($D7)),12),Drivers!$C$10:$N$10))))} -> 1 | ... AD7: {=if(AND($E7<AD$1,$E7<>0),0,iferror(INDEX(Drivers!$C$11:$N$13,MATCH($C7,Drivers!$B$11:$B$13,0),MATCH(min(((year(AD$1)-YEAR($D7))*12+MONTH(AD$1)-MONTH($D7)),12),Drivers!$C$10:$N$10))))} -> 1
B8: CJ | C8: Account Executives - Enterprise | D8: 44986 | E8: 45323 | G8: {=if(AND($E8<G$1,$E8<>0),0,iferror(INDEX(Drivers!$C$11:$N$13,MATCH($C8,Drivers!$B$11:$B$13,0),MATCH(min(((year(G$1)-YEAR($D8))*12+MONTH(G$1)-MONTH($D8)),12),Drivers!$C$10:$N$10))))} -> 0 | H8: {=if(AND($E8<H$1,$E8<>0),0,iferror(INDEX(Drivers!$C$11:$N$13,MATCH($C8,Drivers!$B$11:$B$13,0),MATCH(min(((year(H$1)-YEAR($D8))*12+MONTH(H$1)-MONTH($D8)),12),Drivers!$C$10:$N$10))))} -> 0 | I8: {=if(AND($E8<I$1,$E8<>0),0,iferror(INDEX(Drivers!$C$11:$N$13,MATCH($C8,Drivers!$B$11:$B$13,0),MATCH(min(((year(I$1)-YEAR($D8))*12+MONTH(I$1)-MONTH($D8)),12),Drivers!$C$10:$N$10))))} -> 0 | J8: {=if(AND($E8<J$1,$E8<>0),0,iferror(INDEX(Drivers!$C$11:$N$13,MATCH($C8,Drivers!$B$11:$B$13,0),MATCH(min(((year(J$1)-YEAR($D8))*12+MONTH(J$1)-MONTH($D8)),12),Drivers!$C$10:$N$10))))} -> 0 | K8: {=if(AND($E8<K$1,$E8<>0),0,iferror(INDEX(Drivers!$C$11:$N$13,MATCH($C8,Drivers!$B$11:$B$13,0),MATCH(min(((year(K$1)-YEAR($D8))*12+MONTH(K$1)-MONTH($D8)),12),Drivers!$C$10:$N$10))))} -> 0 | L8: {=if(AND($E8<L$1,$E8<>0),0,iferror(INDEX(Drivers!$C$11:$N$13,MATCH($C8,Drivers!$B$11:$B$13,0),MATCH(min(((year(L$1)-YEAR($D8))*12+MONTH(L$1)-MONTH($D8)),12),Drivers!$C$10:$N$10))))} -> 0 | M8: {=if(AND($E8<M$1,$E8<>0),0,iferror(INDEX(Drivers!$C$11:$N$13,MATCH($C8,Drivers!$B$11:$B$13,0),MATCH(min(((year(M$1)-YEAR($D8))*12+MONTH(M$1)-MONTH($D8)),12),Drivers!$C$10:$N$10))))} -> 0 | N8: {=if(AND($E8<N$1,$E8<>0),0,iferror(INDEX(Drivers!$C$11:$N$13,MATCH($C8,Drivers!$B$11:$B$13,0),MATCH(min(((year(N$1)-YEAR($D8))*12+MONTH(N$1)-MONTH($D8)),12),Drivers!$C$10:$N$10))))} -> 0 | ... AD8: {=if(AND($E8<AD$1,$E8<>0),0,iferror(INDEX(Drivers!$C$11:$N$13,MATCH($C8,Drivers!$B$11:$B$13,0),MATCH(min(((year(AD$1)-YEAR($D8))*12+MONTH(AD$1)-MONTH($D8)),12),Drivers!$C$10:$N$10))))} -> 0
B9: SecretCFO | C9: Account Executives - Mid Market | D9: 44713 | E9: 1/0/00 | G9: {=if(AND($E9<G$1,$E9<>0),0,iferror(INDEX(Drivers!$C$11:$N$13,MATCH($C9,Drivers!$B$11:$B$13,0),MATCH(min(((year(G$1)-YEAR($D9))*12+MONTH(G$1)-MONTH($D9)),12),Drivers!$C$10:$N$10))))} -> 1 | H9: {=if(AND($E9<H$1,$E9<>0),0,iferror(INDEX(Drivers!$C$11:$N$13,MATCH($C9,Drivers!$B$11:$B$13,0),MATCH(min(((year(H$1)-YEAR($D9))*12+MONTH(H$1)-MONTH($D9)),12),Drivers!$C$10:$N$10))))} -> 1 | I9: {=if(AND($E9<I$1,$E9<>0),0,iferror(INDEX(Drivers!$C$11:$N$13,MATCH($C9,Drivers!$B$11:$B$13,0),MATCH(min(((year(I$1)-YEAR($D9))*12+MONTH(I$1)-MONTH($D9)),12),Drivers!$C$10:$N$10))))} -> 1 | J9: {=if(AND($E9<J$1,$E9<>0),0,iferror(INDEX(Drivers!$C$11:$N$13,MATCH($C9,Drivers!$B$11:$B$13,0),MATCH(min(((year(J$1)-YEAR($D9))*12+MONTH(J$1)-MONTH($D9)),12),Drivers!$C$10:$N$10))))} -> 1 | K9: {=if(AND($E9<K$1,$E9<>0),0,iferror(INDEX(Drivers!$C$11:$N$13,MATCH($C9,Drivers!$B$11:$B$13,0),MATCH(min(((year(K$1)-YEAR($D9))*12+MONTH(K$1)-MONTH($D9)),12),Drivers!$C$10:$N$10))))} -> 1 | L9: {=if(AND($E9<L$1,$E9<>0),0,iferror(INDEX(Drivers!$C$11:$N$13,MATCH($C9,Drivers!$B$11:$B$13,0),MATCH(min(((year(L$1)-YEAR($D9))*12+MONTH(L$1)-MONTH($D9)),12),Drivers!$C$10:$N$10))))} -> 1 | M9: {=if(AND($E9<M$1,$E9<>0),0,iferror(INDEX(Drivers!$C$11:$N$13,MATCH($C9,Drivers!$B$11:$B$13,0),MATCH(min(((year(M$1)-YEAR($D9))*12+MONTH(M$1)-MONTH($D9)),12),Drivers!$C$10:$N$10))))} -> 1 | N9: {=if(AND($E9<N$1,$E9<>0),0,iferror(INDEX(Drivers!$C$11:$N$13,MATCH($C9,Drivers!$B$11:$B$13,0),MATCH(min(((year(N$1)-YEAR($D9))*12+MONTH(N$1)-MONTH($D9)),12),Drivers!$C$10:$N$10))))} -> 1 | ... AD9: {=if(AND($E9<AD$1,$E9<>0),0,iferror(INDEX(Drivers!$C$11:$N$13,MATCH($C9,Drivers!$B$11:$B$13,0),MATCH(min(((year(AD$1)-YEAR($D9))*12+MONTH(AD$1)-MONTH($D9)),12),Drivers!$C$10:$N$10))))} -> 1
B10: Dory | C10: Account Executives - Mid Market | D10: 44470 | E10: 45444 | G10: {=if(AND($E10<G$1,$E10<>0),0,iferror(INDEX(Drivers!$C$11:$N$13,MATCH($C10,Drivers!$B$11:$B$13,0),MATCH(min(((year(G$1)-YEAR($D10))*12+MONTH(G$1)-MONTH($D10)),12),Drivers!$C$10:$N$10))))} -> 1 | H10: {=if(AND($E10<H$1,$E10<>0),0,iferror(INDEX(Drivers!$C$11:$N$13,MATCH($C10,Drivers!$B$11:$B$13,0),MATCH(min(((year(H$1)-YEAR($D10))*12+MONTH(H$1)-MONTH($D10)),12),Drivers!$C$10:$N$10))))} -> 1 | I10: {=if(AND($E10<I$1,$E10<>0),0,iferror(INDEX(Drivers!$C$11:$N$13,MATCH($C10,Drivers!$B$11:$B$13,0),MATCH(min(((year(I$1)-YEAR($D10))*12+MONTH(I$1)-MONTH($D10)),12),Drivers!$C$10:$N$10))))} -> 1 | J10: {=if(AND($E10<J$1,$E10<>0),0,iferror(INDEX(Drivers!$C$11:$N$13,MATCH($C10,Drivers!$B$11:$B$13,0),MATCH(min(((year(J$1)-YEAR($D10))*12+MONTH(J$1)-MONTH($D10)),12),Drivers!$C$10:$N$10))))} -> 1 | K10: {=if(AND($E10<K$1,$E10<>0),0,iferror(INDEX(Drivers!$C$11:$N$13,MATCH($C10,Drivers!$B$11:$B$13,0),MATCH(min(((year(K$1)-YEAR($D10))*12+MONTH(K$1)-MONTH($D10)),12),Drivers!$C$10:$N$10))))} -> 0 | L10: {=if(AND($E10<L$1,$E10<>0),0,iferror(INDEX(Drivers!$C$11:$N$13,MATCH($C10,Drivers!$B$11:$B$13,0),MATCH(min(((year(L$1)-YEAR($D10))*12+MONTH(L$1)-MONTH($D10)),12),Drivers!$C$10:$N$10))))} -> 0 | M10: {=if(AND($E10<M$1,$E10<>0),0,iferror(INDEX(Drivers!$C$11:$N$13,MATCH($C10,Drivers!$B$11:$B$13,0),MATCH(min(((year(M$1)-YEAR($D10))*12+MONTH(M$1)-MONTH($D10)),12),Drivers!$C$10:$N$10))))} -> 0 | N10: {=if(AND($E10<N$1,$E10<>0),0,iferror(INDEX(Drivers!$C$11:$N$13,MATCH($C10,Drivers!$B$11:$B$13,0),MATCH(min(((year(N$1)-YEAR($D10))*12+MONTH(N$1)-MONTH($D10)),12),Drivers!$C$10:$N$10))))} -> 0 | ... AD10: {=if(AND($E10<AD$1,$E10<>0),0,iferror(INDEX(Drivers!$C$11:$N$13,MATCH($C10,Drivers!$B$11:$B$13,0),MATCH(min(((year(AD$1)-YEAR($D10))*12+MONTH(AD$1)-MONTH($D10)),12),Drivers!$C$10:$N$10))))} -> 0
B11: Brittany | C11: Account Executives - Mid Market | D11: 45261 | E11: 1/0/00 | G11: {=if(AND($E11<G$1,$E11<>0),0,iferror(INDEX(Drivers!$C$11:$N$13,MATCH($C11,Drivers!$B$11:$B$13,0),MATCH(min(((year(G$1)-YEAR($D11))*12+MONTH(G$1)-MONTH($D11)),12),Drivers!$C$10:$N$10))))} -> 0 | H11: {=if(AND($E11<H$1,$E11<>0),0,iferror(INDEX(Drivers!$C$11:$N$13,MATCH($C11,Drivers!$B$11:$B$13,0),MATCH(min(((year(H$1)-YEAR($D11))*12+MONTH(H$1)-MONTH($D11)),12),Drivers!$C$10:$N$10))))} -> 0.25 | I11: {=if(AND($E11<I$1,$E11<>0),0,iferror(INDEX(Drivers!$C$11:$N$13,MATCH($C11,Drivers!$B$11:$B$13,0),MATCH(min(((year(I$1)-YEAR($D11))*12+MONTH(I$1)-MONTH($D11)),12),Drivers!$C$10:$N$10))))} -> 0.5 | J11: {=if(AND($E11<J$1,$E11<>0),0,iferror(INDEX(Drivers!$C$11:$N$13,MATCH($C11,Drivers!$B$11:$B$13,0),MATCH(min(((year(J$1)-YEAR($D11))*12+MONTH(J$1)-MONTH($D11)),12),Drivers!$C$10:$N$10))))} -> 0.75 | K11: {=if(AND($E11<K$1,$E11<>0),0,iferror(INDEX(Drivers!$C$11:$N$13,MATCH($C11,Drivers!$B$11:$B$13,0),MATCH(min(((year(K$1)-YEAR($D11))*12+MONTH(K$1)-MONTH($D11)),12),Drivers!$C$10:$N$10))))} -> 1 | L11: {=if(AND($E11<L$1,$E11<>0),0,iferror(INDEX(Drivers!$C$11:$N$13,MATCH($C11,Drivers!$B$11:$B$13,0),MATCH(min(((year(L$1)-YEAR($D11))*12+MONTH(L$1)-MONTH($D11)),12),Drivers!$C$10:$N$10))))} -> 1 | M11: {=if(AND($E11<M$1,$E11<>0),0,iferror(INDEX(Drivers!$C$11:$N$13,MATCH($C11,Drivers!$B$11:$B$13,0),MATCH(min(((year(M$1)-YEAR($D11))*12+MONTH(M$1)-MONTH($D11)),12),Drivers!$C$10:$N$10))))} -> 1 | N11: {=if(AND($E11<N$1,$E11<>0),0,iferror(INDEX(Drivers!$C$11:$N$13,MATCH($C11,Drivers!$B$11:$B$13,0),MATCH(min(((year(N$1)-YEAR($D11))*12+MONTH(N$1)-MONTH($D11)),12),Drivers!$C$10:$N$10))))} -> 1 | ... AD11: {=if(AND($E11<AD$1,$E11<>0),0,iferror(INDEX(Drivers!$C$11:$N$13,MATCH($C11,Drivers!$B$11:$B$13,0),MATCH(min(((year(AD$1)-YEAR($D11))*12+MONTH(AD$1)-MONTH($D11)),12),Drivers!$C$10:$N$10))))} -> 1
B12: Dora the Explorer | C12: Account Executives - Enterprise | D12: 45321 | E12: 1/0/00 | G12: {=if(AND($E12<G$1,$E12<>0),0,iferror(INDEX(Drivers!$C$11:$N$13,MATCH($C12,Drivers!$B$11:$B$13,0),MATCH(min(((year(G$1)-YEAR($D12))*12+MONTH(G$1)-MONTH($D12)),12),Drivers!$C$10:$N$10))))} -> 0 | H12: {=if(AND($E12<H$1,$E12<>0),0,iferror(INDEX(Drivers!$C$11:$N$13,MATCH($C12,Drivers!$B$11:$B$13,0),MATCH(min(((year(H$1)-YEAR($D12))*12+MONTH(H$1)-MONTH($D12)),12),Drivers!$C$10:$N$10))))} -> 0 | I12: {=if(AND($E12<I$1,$E12<>0),0,iferror(INDEX(Drivers!$C$11:$N$13,MATCH($C12,Drivers!$B$11:$B$13,0),MATCH(min(((year(I$1)-YEAR($D12))*12+MONTH(I$1)-MONTH($D12)),12),Drivers!$C$10:$N$10))))} -> 0 | J12: {=if(AND($E12<J$1,$E12<>0),0,iferror(INDEX(Drivers!$C$11:$N$13,MATCH($C12,Drivers!$B$11:$B$13,0),MATCH(min(((year(J$1)-YEAR($D12))*12+MONTH(J$1)-MONTH($D12)),12),Drivers!$C$10:$N$10))))} -> 0.25 | K12: {=if(AND($E12<K$1,$E12<>0),0,iferror(INDEX(Drivers!$C$11:$N$13,MATCH($C12,Drivers!$B$11:$B$13,0),MATCH(min(((year(K$1)-YEAR($D12))*12+MONTH(K$1)-MONTH($D12)),12),Drivers!$C$10:$N$10))))} -> 0.5 | L12: {=if(AND($E12<L$1,$E12<>0),0,iferror(INDEX(Drivers!$C$11:$N$13,MATCH($C12,Drivers!$B$11:$B$13,0),MATCH(min(((year(L$1)-YEAR($D12))*12+MONTH(L$1)-MONTH($D12)),12),Drivers!$C$10:$N$10))))} -> 0.5 | M12: {=if(AND($E12<M$1,$E12<>0),0,iferror(INDEX(Drivers!$C$11:$N$13,MATCH($C12,Drivers!$B$11:$B$13,0),MATCH(min(((year(M$1)-YEAR($D12))*12+MONTH(M$1)-MONTH($D12)),12),Drivers!$C$10:$N$10))))} -> 0.75 | N12: {=if(AND($E12<N$1,$E12<>0),0,iferror(INDEX(Drivers!$C$11:$N$13,MATCH($C12,Drivers!$B$11:$B$13,0),MATCH(min(((year(N$1)-YEAR($D12))*12+MONTH(N$1)-MONTH($D12)),12),Drivers!$C$10:$N$10))))} -> 0.75 | ... AD12: {=if(AND($E12<AD$1,$E12<>0),0,iferror(INDEX(Drivers!$C$11:$N$13,MATCH($C12,Drivers!$B$11:$B$13,0),MATCH(min(((year(AD$1)-YEAR($D12))*12+MONTH(AD$1)-MONTH($D12)),12),Drivers!$C$10:$N$10))))} -> 1
B13: Elsa | C13: Account Executives - Mid Market | D13: 45078 | E13: 1/0/00 | G13: {=if(AND($E13<G$1,$E13<>0),0,iferror(INDEX(Drivers!$C$11:$N$13,MATCH($C13,Drivers!$B$11:$B$13,0),MATCH(min(((year(G$1)-YEAR($D13))*12+MONTH(G$1)-MONTH($D13)),12),Drivers!$C$10:$N$10))))} -> 1 | H13: {=if(AND($E13<H$1,$E13<>0),0,iferror(INDEX(Drivers!$C$11:$N$13,MATCH($C13,Drivers!$B$11:$B$13,0),MATCH(min(((year(H$1)-YEAR($D13))*12+MONTH(H$1)-MONTH($D13)),12),Drivers!$C$10:$N$10))))} -> 1 | I13: {=if(AND($E13<I$1,$E13<>0),0,iferror(INDEX(Drivers!$C$11:$N$13,MATCH($C13,Drivers!$B$11:$B$13,0),MATCH(min(((year(I$1)-YEAR($D13))*12+MONTH(I$1)-MONTH($D13)),12),Drivers!$C$10:$N$10))))} -> 1 | J13: {=if(AND($E13<J$1,$E13<>0),0,iferror(INDEX(Drivers!$C$11:$N$13,MATCH($C13,Drivers!$B$11:$B$13,0),MATCH(min(((year(J$1)-YEAR($D13))*12+MONTH(J$1)-MONTH($D13)),12),Drivers!$C$10:$N$10))))} -> 1 | K13: {=if(AND($E13<K$1,$E13<>0),0,iferror(INDEX(Drivers!$C$11:$N$13,MATCH($C13,Drivers!$B$11:$B$13,0),MATCH(min(((year(K$1)-YEAR($D13))*12+MONTH(K$1)-MONTH($D13)),12),Drivers!$C$10:$N$10))))} -> 1 | L13: {=if(AND($E13<L$1,$E13<>0),0,iferror(INDEX(Drivers!$C$11:$N$13,MATCH($C13,Drivers!$B$11:$B$13,0),MATCH(min(((year(L$1)-YEAR($D13))*12+MONTH(L$1)-MONTH($D13)),12),Drivers!$C$10:$N$10))))} -> 1 | M13: {=if(AND($E13<M$1,$E13<>0),0,iferror(INDEX(Drivers!$C$11:$N$13,MATCH($C13,Drivers!$B$11:$B$13,0),MATCH(min(((year(M$1)-YEAR($D13))*12+MONTH(M$1)-MONTH($D13)),12),Drivers!$C$10:$N$10))))} -> 1 | N13: {=if(AND($E13<N$1,$E13<>0),0,iferror(INDEX(Drivers!$C$11:$N$13,MATCH($C13,Drivers!$B$11:$B$13,0),MATCH(min(((year(N$1)-YEAR($D13))*12+MONTH(N$1)-MONTH($D13)),12),Drivers!$C$10:$N$10))))} -> 1 | ... AD13: {=if(AND($E13<AD$1,$E13<>0),0,iferror(INDEX(Drivers!$C$11:$N$13,MATCH($C13,Drivers!$B$11:$B$13,0),MATCH(min(((year(AD$1)-YEAR($D13))*12+MONTH(AD$1)-MONTH($D13)),12),Drivers!$C$10:$N$10))))} -> 1
B14: Snow White | C14: Account Executives - Enterprise | D14: 45200 | E14: 1/0/00 | G14: {=if(AND($E14<G$1,$E14<>0),0,iferror(INDEX(Drivers!$C$11:$N$13,MATCH($C14,Drivers!$B$11:$B$13,0),MATCH(min(((year(G$1)-YEAR($D14))*12+MONTH(G$1)-MONTH($D14)),12),Drivers!$C$10:$N$10))))} -> 0.25 | H14: {=if(AND($E14<H$1,$E14<>0),0,iferror(INDEX(Drivers!$C$11:$N$13,MATCH($C14,Drivers!$B$11:$B$13,0),MATCH(min(((year(H$1)-YEAR($D14))*12+MONTH(H$1)-MONTH($D14)),12),Drivers!$C$10:$N$10))))} -> 0.5 | I14: {=if(AND($E14<I$1,$E14<>0),0,iferror(INDEX(Drivers!$C$11:$N$13,MATCH($C14,Drivers!$B$11:$B$13,0),MATCH(min(((year(I$1)-YEAR($D14))*12+MONTH(I$1)-MONTH($D14)),12),Drivers!$C$10:$N$10))))} -> 0.5 | J14: {=if(AND($E14<J$1,$E14<>0),0,iferror(INDEX(Drivers!$C$11:$N$13,MATCH($C14,Drivers!$B$11:$B$13,0),MATCH(min(((year(J$1)-YEAR($D14))*12+MONTH(J$1)-MONTH($D14)),12),Drivers!$C$10:$N$10))))} -> 0.75 | K14: {=if(AND($E14<K$1,$E14<>0),0,iferror(INDEX(Drivers!$C$11:$N$13,MATCH($C14,Drivers!$B$11:$B$13,0),MATCH(min(((year(K$1)-YEAR($D14))*12+MONTH(K$1)-MONTH($D14)),12),Drivers!$C$10:$N$10))))} -> 0.75 | L14: {=if(AND($E14<L$1,$E14<>0),0,iferror(INDEX(Drivers!$C$11:$N$13,MATCH($C14,Drivers!$B$11:$B$13,0),MATCH(min(((year(L$1)-YEAR($D14))*12+MONTH(L$1)-MONTH($D14)),12),Drivers!$C$10:$N$10))))} -> 1 | M14: {=if(AND($E14<M$1,$E14<>0),0,iferror(INDEX(Drivers!$C$11:$N$13,MATCH($C14,Drivers!$B$11:$B$13,0),MATCH(min(((year(M$1)-YEAR($D14))*12+MONTH(M$1)-MONTH($D14)),12),Drivers!$C$10:$N$10))))} -> 1 | N14: {=if(AND($E14<N$1,$E14<>0),0,iferror(INDEX(Drivers!$C$11:$N$13,MATCH($C14,Drivers!$B$11:$B$13,0),MATCH(min(((year(N$1)-YEAR($D14))*12+MONTH(N$1)-MONTH($D14)),12),Drivers!$C$10:$N$10))))} -> 1 | ... AD14: {=if(AND($E14<AD$1,$E14<>0),0,iferror(INDEX(Drivers!$C$11:$N$13,MATCH($C14,Drivers!$B$11:$B$13,0),MATCH(min(((year(AD$1)-YEAR($D14))*12+MONTH(AD$1)-MONTH($D14)),12),Drivers!$C$10:$N$10))))} -> 1
C15: Account Executives - Mid Market | D15: 45261 | E15: 1/0/00 | G15: {=if(AND($E15<G$1,$E15<>0),0,iferror(INDEX(Drivers!$C$11:$N$13,MATCH($C15,Drivers!$B$11:$B$13,0),MATCH(min(((year(G$1)-YEAR($D15))*12+MONTH(G$1)-MONTH($D15)),12),Drivers!$C$10:$N$10))))} -> 0 | H15: {=if(AND($E15<H$1,$E15<>0),0,iferror(INDEX(Drivers!$C$11:$N$13,MATCH($C15,Drivers!$B$11:$B$13,0),MATCH(min(((year(H$1)-YEAR($D15))*12+MONTH(H$1)-MONTH($D15)),12),Drivers!$C$10:$N$10))))} -> 0.25 | I15: {=if(AND($E15<I$1,$E15<>0),0,iferror(INDEX(Drivers!$C$11:$N$13,MATCH($C15,Drivers!$B$11:$B$13,0),MATCH(min(((year(I$1)-YEAR($D15))*12+MONTH(I$1)-MONTH($D15)),12),Drivers!$C$10:$N$10))))} -> 0.5 | J15: {=if(AND($E15<J$1,$E15<>0),0,iferror(INDEX(Drivers!$C$11:$N$13,MATCH($C15,Drivers!$B$11:$B$13,0),MATCH(min(((year(J$1)-YEAR($D15))*12+MONTH(J$1)-MONTH($D15)),12),Drivers!$C$10:$N$10))))} -> 0.75 | K15: {=if(AND($E15<K$1,$E15<>0),0,iferror(INDEX(Drivers!$C$11:$N$13,MATCH($C15,Drivers!$B$11:$B$13,0),MATCH(min(((year(K$1)-YEAR($D15))*12+MONTH(K$1)-MONTH($D15)),12),Drivers!$C$10:$N$10))))} -> 1 | L15: {=if(AND($E15<L$1,$E15<>0),0,iferror(INDEX(Drivers!$C$11:$N$13,MATCH($C15,Drivers!$B$11:$B$13,0),MATCH(min(((year(L$1)-YEAR($D15))*12+MONTH(L$1)-MONTH($D15)),12),Drivers!$C$10:$N$10))))} -> 1 | M15: {=if(AND($E15<M$1,$E15<>0),0,iferror(INDEX(Drivers!$C$11:$N$13,MATCH($C15,Drivers!$B$11:$B$13,0),MATCH(min(((year(M$1)-YEAR($D15))*12+MONTH(M$1)-MONTH($D15)),12),Drivers!$C$10:$N$10))))} -> 1 | N15: {=if(AND($E15<N$1,$E15<>0),0,iferror(INDEX(Drivers!$C$11:$N$13,MATCH($C15,Drivers!$B$11:$B$13,0),MATCH(min(((year(N$1)-YEAR($D15))*12+MONTH(N$1)-MONTH($D15)),12),Drivers!$C$10:$N$10))))} -> 1 | ... AD15: {=if(AND($E15<AD$1,$E15<>0),0,iferror(INDEX(Drivers!$C$11:$N$13,MATCH($C15,Drivers!$B$11:$B$13,0),MATCH(min(((year(AD$1)-YEAR($D15))*12+MONTH(AD$1)-MONTH($D15)),12),Drivers!$C$10:$N$10))))} -> 1
C16: Account Executives - Mid Market | D16: 45321 | E16: 1/0/00 | G16: {=if(AND($E16<G$1,$E16<>0),0,iferror(INDEX(Drivers!$C$11:$N$13,MATCH($C16,Drivers!$B$11:$B$13,0),MATCH(min(((year(G$1)-YEAR($D16))*12+MONTH(G$1)-MONTH($D16)),12),Drivers!$C$10:$N$10))))} -> 0 | H16: {=if(AND($E16<H$1,$E16<>0),0,iferror(INDEX(Drivers!$C$11:$N$13,MATCH($C16,Drivers!$B$11:$B$13,0),MATCH(min(((year(H$1)-YEAR($D16))*12+MONTH(H$1)-MONTH($D16)),12),Drivers!$C$10:$N$10))))} -> 0 | I16: {=if(AND($E16<I$1,$E16<>0),0,iferror(INDEX(Drivers!$C$11:$N$13,MATCH($C16,Drivers!$B$11:$B$13,0),MATCH(min(((year(I$1)-YEAR($D16))*12+MONTH(I$1)-MONTH($D16)),12),Drivers!$C$10:$N$10))))} -> 0.25 | J16: {=if(AND($E16<J$1,$E16<>0),0,iferror(INDEX(Drivers!$C$11:$N$13,MATCH($C16,Drivers!$B$11:$B$13,0),MATCH(min(((year(J$1)-YEAR($D16))*12+MONTH(J$1)-MONTH($D16)),12),Drivers!$C$10:$N$10))))} -> 0.5 | K16: {=if(AND($E16<K$1,$E16<>0),0,iferror(INDEX(Drivers!$C$11:$N$13,MATCH($C16,Drivers!$B$11:$B$13,0),MATCH(min(((year(K$1)-YEAR($D16))*12+MONTH(K$1)-MONTH($D16)),12),Drivers!$C$10:$N$10))))} -> 0.75 | L16: {=if(AND($E16<L$1,$E16<>0),0,iferror(INDEX(Drivers!$C$11:$N$13,MATCH($C16,Drivers!$B$11:$B$13,0),MATCH(min(((year(L$1)-YEAR($D16))*12+MONTH(L$1)-MONTH($D16)),12),Drivers!$C$10:$N$10))))} -> 1 | M16: {=if(AND($E16<M$1,$E16<>0),0,iferror(INDEX(Drivers!$C$11:$N$13,MATCH($C16,Drivers!$B$11:$B$13,0),MATCH(min(((year(M$1)-YEAR($D16))*12+MONTH(M$1)-MONTH($D16)),12),Drivers!$C$10:$N$10))))} -> 1 | N16: {=if(AND($E16<N$1,$E16<>0),0,iferror(INDEX(Drivers!$C$11:$N$13,MATCH($C16,Drivers!$B$11:$B$13,0),MATCH(min(((year(N$1)-YEAR($D16))*12+MONTH(N$1)-MONTH($D16)),12),Drivers!$C$10:$N$10))))} -> 1 | ... AD16: {=if(AND($E16<AD$1,$E16<>0),0,iferror(INDEX(Drivers!$C$11:$N$13,MATCH($C16,Drivers!$B$11:$B$13,0),MATCH(min(((year(AD$1)-YEAR($D16))*12+MONTH(AD$1)-MONTH($D16)),12),Drivers!$C$10:$N$10))))} -> 1
C17: Account Executives - SMB | D17: 45337 | E17: 1/0/00 | G17: {=if(AND($E17<G$1,$E17<>0),0,iferror(INDEX(Drivers!$C$11:$N$13,MATCH($C17,Drivers!$B$11:$B$13,0),MATCH(min(((year(G$1)-YEAR($D17))*12+MONTH(G$1)-MONTH($D17)),12),Drivers!$C$10:$N$10))))} | H17: {=if(AND($E17<H$1,$E17<>0),0,iferror(INDEX(Drivers!$C$11:$N$13,MATCH($C17,Drivers!$B$11:$B$13,0),MATCH(min(((year(H$1)-YEAR($D17))*12+MONTH(H$1)-MONTH($D17)),12),Drivers!$C$10:$N$10))))} -> 0 | I17: {=if(AND($E17<I$1,$E17<>0),0,iferror(INDEX(Drivers!$C$11:$N$13,MATCH($C17,Drivers!$B$11:$B$13,0),MATCH(min(((year(I$1)-YEAR($D17))*12+MONTH(I$1)-MONTH($D17)),12),Drivers!$C$10:$N$10))))} -> 0 | J17: {=if(AND($E17<J$1,$E17<>0),0,iferror(INDEX(Drivers!$C$11:$N$13,MATCH($C17,Drivers!$B$11:$B$13,0),MATCH(min(((year(J$1)-YEAR($D17))*12+MONTH(J$1)-MONTH($D17)),12),Drivers!$C$10:$N$10))))} -> 0.5 | K17: {=if(AND($E17<K$1,$E17<>0),0,iferror(INDEX(Drivers!$C$11:$N$13,MATCH($C17,Drivers!$B$11:$B$13,0),MATCH(min(((year(K$1)-YEAR($D17))*12+MONTH(K$1)-MONTH($D17)),12),Drivers!$C$10:$N$10))))} -> 0.75 | L17: {=if(AND($E17<L$1,$E17<>0),0,iferror(INDEX(Drivers!$C$11:$N$13,MATCH($C17,Drivers!$B$11:$B$13,0),MATCH(min(((year(L$1)-YEAR($D17))*12+MONTH(L$1)-MONTH($D17)),12),Drivers!$C$10:$N$10))))} -> 1 | M17: {=if(AND($E17<M$1,$E17<>0),0,iferror(INDEX(Drivers!$C$11:$N$13,MATCH($C17,Drivers!$B$11:$B$13,0),MATCH(min(((year(M$1)-YEAR($D17))*12+MONTH(M$1)-MONTH($D17)),12),Drivers!$C$10:$N$10))))} -> 1 | N17: {=if(AND($E17<N$1,$E17<>0),0,iferror(INDEX(Drivers!$C$11:$N$13,MATCH($C17,Drivers!$B$11:$B$13,0),MATCH(min(((year(N$1)-YEAR($D17))*12+MONTH(N$1)-MONTH($D17)),12),Drivers!$C$10:$N$10))))} -> 1 | ... AD17: {=if(AND($E17<AD$1,$E17<>0),0,iferror(INDEX(Drivers!$C$11:$N$13,MATCH($C17,Drivers!$B$11:$B$13,0),MATCH(min(((year(AD$1)-YEAR($D17))*12+MONTH(AD$1)-MONTH($D17)),12),Drivers!$C$10:$N$10))))} -> 1
C18: Account Executives - SMB | D18: 45597 | E18: 1/0/00 | G18: {=if(AND($E18<G$1,$E18<>0),0,iferror(INDEX(Drivers!$C$11:$N$13,MATCH($C18,Drivers!$B$11:$B$13,0),MATCH(min(((year(G$1)-YEAR($D18))*12+MONTH(G$1)-MONTH($D18)),12),Drivers!$C$10:$N$10))))} | H18: {=if(AND($E18<H$1,$E18<>0),0,iferror(INDEX(Drivers!$C$11:$N$13,MATCH($C18,Drivers!$B$11:$B$13,0),MATCH(min(((year(H$1)-YEAR($D18))*12+MONTH(H$1)-MONTH($D18)),12),Drivers!$C$10:$N$10))))} | I18: {=if(AND($E18<I$1,$E18<>0),0,iferror(INDEX(Drivers!$C$11:$N$13,MATCH($C18,Drivers!$B$11:$B$13,0),MATCH(min(((year(I$1)-YEAR($D18))*12+MONTH(I$1)-MONTH($D18)),12),Drivers!$C$10:$N$10))))} | J18: {=if(AND($E18<J$1,$E18<>0),0,iferror(INDEX(Drivers!$C$11:$N$13,MATCH($C18,Drivers!$B$11:$B$13,0),MATCH(min(((year(J$1)-YEAR($D18))*12+MONTH(J$1)-MONTH($D18)),12),Drivers!$C$10:$N$10))))} | K18: {=if(AND($E18<K$1,$E18<>0),0,iferror(INDEX(Drivers!$C$11:$N$13,MATCH($C18,Drivers!$B$11:$B$13,0),MATCH(min(((year(K$1)-YEAR($D18))*12+MONTH(K$1)-MONTH($D18)),12),Drivers!$C$10:$N$10))))} | L18: {=if(AND($E18<L$1,$E18<>0),0,iferror(INDEX(Drivers!$C$11:$N$13,MATCH($C18,Drivers!$B$11:$B$13,0),MATCH(min(((year(L$1)-YEAR($D18))*12+MONTH(L$1)-MONTH($D18)),12),Drivers!$C$10:$N$10))))} | M18: {=if(AND($E18<M$1,$E18<>0),0,iferror(INDEX(Drivers!$C$11:$N$13,MATCH($C18,Drivers!$B$11:$B$13,0),MATCH(min(((year(M$1)-YEAR($D18))*12+MONTH(M$1)-MONTH($D18)),12),Drivers!$C$10:$N$10))))} | N18: {=if(AND($E18<N$1,$E18<>0),0,iferror(INDEX(Drivers!$C$11:$N$13,MATCH($C18,Drivers!$B$11:$B$13,0),MATCH(min(((year(N$1)-YEAR($D18))*12+MONTH(N$1)-MONTH($D18)),12),Drivers!$C$10:$N$10))))} | ... AD18: {=if(AND($E18<AD$1,$E18<>0),0,iferror(INDEX(Drivers!$C$11:$N$13,MATCH($C18,Drivers!$B$11:$B$13,0),MATCH(min(((year(AD$1)-YEAR($D18))*12+MONTH(AD$1)-MONTH($D18)),12),Drivers!$C$10:$N$10))))} -> 1
C19: Account Executives - Enterprise | D19: 45352 | E19: 1/0/00 | G19: {=if(AND($E19<G$1,$E19<>0),0,iferror(INDEX(Drivers!$C$11:$N$13,MATCH($C19,Drivers!$B$11:$B$13,0),MATCH(min(((year(G$1)-YEAR($D19))*12+MONTH(G$1)-MONTH($D19)),12),Drivers!$C$10:$N$10))))} | H19: {=if(AND($E19<H$1,$E19<>0),0,iferror(INDEX(Drivers!$C$11:$N$13,MATCH($C19,Drivers!$B$11:$B$13,0),MATCH(min(((year(H$1)-YEAR($D19))*12+MONTH(H$1)-MONTH($D19)),12),Drivers!$C$10:$N$10))))} | I19: {=if(AND($E19<I$1,$E19<>0),0,iferror(INDEX(Drivers!$C$11:$N$13,MATCH($C19,Drivers!$B$11:$B$13,0),MATCH(min(((year(I$1)-YEAR($D19))*12+MONTH(I$1)-MONTH($D19)),12),Drivers!$C$10:$N$10))))} -> 0 | J19: {=if(AND($E19<J$1,$E19<>0),0,iferror(INDEX(Drivers!$C$11:$N$13,MATCH($C19,Drivers!$B$11:$B$13,0),MATCH(min(((year(J$1)-YEAR($D19))*12+MONTH(J$1)-MONTH($D19)),12),Drivers!$C$10:$N$10))))} -> 0 | K19: {=if(AND($E19<K$1,$E19<>0),0,iferror(INDEX(Drivers!$C$11:$N$13,MATCH($C19,Drivers!$B$11:$B$13,0),MATCH(min(((year(K$1)-YEAR($D19))*12+MONTH(K$1)-MONTH($D19)),12),Drivers!$C$10:$N$10))))} -> 0 | L19: {=if(AND($E19<L$1,$E19<>0),0,iferror(INDEX(Drivers!$C$11:$N$13,MATCH($C19,Drivers!$B$11:$B$13,0),MATCH(min(((year(L$1)-YEAR($D19))*12+MONTH(L$1)-MONTH($D19)),12),Drivers!$C$10:$N$10))))} -> 0.25 | M19: {=if(AND($E19<M$1,$E19<>0),0,iferror(INDEX(Drivers!$C$11:$N$13,MATCH($C19,Drivers!$B$11:$B$13,0),MATCH(min(((year(M$1)-YEAR($D19))*12+MONTH(M$1)-MONTH($D19)),12),Drivers!$C$10:$N$10))))} -> 0.5 | N19: {=if(AND($E19<N$1,$E19<>0),0,iferror(INDEX(Drivers!$C$11:$N$13,MATCH($C19,Drivers!$B$11:$B$13,0),MATCH(min(((year(N$1)-YEAR($D19))*12+MONTH(N$1)-MONTH($D19)),12),Drivers!$C$10:$N$10))))} -> 0.5 | ... AD19: {=if(AND($E19<AD$1,$E19<>0),0,iferror(INDEX(Drivers!$C$11:$N$13,MATCH($C19,Drivers!$B$11:$B$13,0),MATCH(min(((year(AD$1)-YEAR($D19))*12+MONTH(AD$1)-MONTH($D19)),12),Drivers!$C$10:$N$10))))} -> 1
C20: Account Executives - Enterprise | D20: 45383 | E20: 1/0/00 | G20: {=if(AND($E20<G$1,$E20<>0),0,iferror(INDEX(Drivers!$C$11:$N$13,MATCH($C20,Drivers!$B$11:$B$13,0),MATCH(min(((year(G$1)-YEAR($D20))*12+MONTH(G$1)-MONTH($D20)),12),Drivers!$C$10:$N$10))))} | H20: {=if(AND($E20<H$1,$E20<>0),0,iferror(INDEX(Drivers!$C$11:$N$13,MATCH($C20,Drivers!$B$11:$B$13,0),MATCH(min(((year(H$1)-YEAR($D20))*12+MONTH(H$1)-MONTH($D20)),12),Drivers!$C$10:$N$10))))} | I20: {=if(AND($E20<I$1,$E20<>0),0,iferror(INDEX(Drivers!$C$11:$N$13,MATCH($C20,Drivers!$B$11:$B$13,0),MATCH(min(((year(I$1)-YEAR($D20))*12+MONTH(I$1)-MONTH($D20)),12),Drivers!$C$10:$N$10))))} | J20: {=if(AND($E20<J$1,$E20<>0),0,iferror(INDEX(Drivers!$C$11:$N$13,MATCH($C20,Drivers!$B$11:$B$13,0),MATCH(min(((year(J$1)-YEAR($D20))*12+MONTH(J$1)-MONTH($D20)),12),Drivers!$C$10:$N$10))))} -> 0 | K20: {=if(AND($E20<K$1,$E20<>0),0,iferror(INDEX(Drivers!$C$11:$N$13,MATCH($C20,Drivers!$B$11:$B$13,0),MATCH(min(((year(K$1)-YEAR($D20))*12+MONTH(K$1)-MONTH($D20)),12),Drivers!$C$10:$N$10))))} -> 0 | L20: {=if(AND($E20<L$1,$E20<>0),0,iferror(INDEX(Drivers!$C$11:$N$13,MATCH($C20,Drivers!$B$11:$B$13,0),MATCH(min(((year(L$1)-YEAR($D20))*12+MONTH(L$1)-MONTH($D20)),12),Drivers!$C$10:$N$10))))} -> 0 | M20: {=if(AND($E20<M$1,$E20<>0),0,iferror(INDEX(Drivers!$C$11:$N$13,MATCH($C20,Drivers!$B$11:$B$13,0),MATCH(min(((year(M$1)-YEAR($D20))*12+MONTH(M$1)-MONTH($D20)),12),Drivers!$C$10:$N$10))))} -> 0.25 | N20: {=if(AND($E20<N$1,$E20<>0),0,iferror(INDEX(Drivers!$C$11:$N$13,MATCH($C20,Drivers!$B$11:$B$13,0),MATCH(min(((year(N$1)-YEAR($D20))*12+MONTH(N$1)-MONTH($D20)),12),Drivers!$C$10:$N$10))))} -> 0.5 | ... AD20: {=if(AND($E20<AD$1,$E20<>0),0,iferror(INDEX(Drivers!$C$11:$N$13,MATCH($C20,Drivers!$B$11:$B$13,0),MATCH(min(((year(AD$1)-YEAR($D20))*12+MONTH(AD$1)-MONTH($D20)),12),Drivers!$C$10:$N$10))))} -> 1
C21: Account Executives - Enterprise | D21: 45413 | E21: 1/0/00 | G21: {=if(AND($E21<G$1,$E21<>0),0,iferror(INDEX(Drivers!$C$11:$N$13,MATCH($C21,Drivers!$B$11:$B$13,0),MATCH(min(((year(G$1)-YEAR($D21))*12+MONTH(G$1)-MONTH($D21)),12),Drivers!$C$10:$N$10))))} | H21: {=if(AND($E21<H$1,$E21<>0),0,iferror(INDEX(Drivers!$C$11:$N$13,MATCH($C21,Drivers!$B$11:$B$13,0),MATCH(min(((year(H$1)-YEAR($D21))*12+MONTH(H$1)-MONTH($D21)),12),Drivers!$C$10:$N$10))))} | I21: {=if(AND($E21<I$1,$E21<>0),0,iferror(INDEX(Drivers!$C$11:$N$13,MATCH($C21,Drivers!$B$11:$B$13,0),MATCH(min(((year(I$1)-YEAR($D21))*12+MONTH(I$1)-MONTH($D21)),12),Drivers!$C$10:$N$10))))} | J21: {=if(AND($E21<J$1,$E21<>0),0,iferror(INDEX(Drivers!$C$11:$N$13,MATCH($C21,Drivers!$B$11:$B$13,0),MATCH(min(((year(J$1)-YEAR($D21))*12+MONTH(J$1)-MONTH($D21)),12),Drivers!$C$10:$N$10))))} | K21: {=if(AND($E21<K$1,$E21<>0),0,iferror(INDEX(Drivers!$C$11:$N$13,MATCH($C21,Drivers!$B$11:$B$13,0),MATCH(min(((year(K$1)-YEAR($D21))*12+MONTH(K$1)-MONTH($D21)),12),Drivers!$C$10:$N$10))))} -> 0 | L21: {=if(AND($E21<L$1,$E21<>0),0,iferror(INDEX(Drivers!$C$11:$N$13,MATCH($C21,Drivers!$B$11:$B$13,0),MATCH(min(((year(L$1)-YEAR($D21))*12+MONTH(L$1)-MONTH($D21)),12),Drivers!$C$10:$N$10))))} -> 0 | M21: {=if(AND($E21<M$1,$E21<>0),0,iferror(INDEX(Drivers!$C$11:$N$13,MATCH($C21,Drivers!$B$11:$B$13,0),MATCH(min(((year(M$1)-YEAR($D21))*12+MONTH(M$1)-MONTH($D21)),12),Drivers!$C$10:$N$10))))} -> 0 | N21: {=if(AND($E21<N$1,$E21<>0),0,iferror(INDEX(Drivers!$C$11:$N$13,MATCH($C21,Drivers!$B$11:$B$13,0),MATCH(min(((year(N$1)-YEAR($D21))*12+MONTH(N$1)-MONTH($D21)),12),Drivers!$C$10:$N$10))))} -> 0.25 | ... AD21: {=if(AND($E21<AD$1,$E21<>0),0,iferror(INDEX(Drivers!$C$11:$N$13,MATCH($C21,Drivers!$B$11:$B$13,0),MATCH(min(((year(AD$1)-YEAR($D21))*12+MONTH(AD$1)-MONTH($D21)),12),Drivers!$C$10:$N$10))))} -> 1
G22: {=if(AND($E22<G$1,$E22<>0),0,iferror(INDEX(Drivers!$C$11:$N$13,MATCH($C24,Drivers!$B$11:$B$13,0),MATCH(min(((year(G$1)-YEAR($D22))*12+MONTH(G$1)-MONTH($D22)),12),Drivers!$C$10:$N$10))))} -> 1 | H22: {=if(AND($E22<H$1,$E22<>0),0,iferror(INDEX(Drivers!$C$11:$N$13,MATCH($C24,Drivers!$B$11:$B$13,0),MATCH(min(((year(H$1)-YEAR($D22))*12+MONTH(H$1)-MONTH($D22)),12),Drivers!$C$10:$N$10))))} -> 1 | I22: {=if(AND($E22<I$1,$E22<>0),0,iferror(INDEX(Drivers!$C$11:$N$13,MATCH($C24,Drivers!$B$11:$B$13,0),MATCH(min(((year(I$1)-YEAR($D22))*12+MONTH(I$1)-MONTH($D22)),12),Drivers!$C$10:$N$10))))} -> 1 | J22: {=if(AND($E22<J$1,$E22<>0),0,iferror(INDEX(Drivers!$C$11:$N$13,MATCH($C24,Drivers!$B$11:$B$13,0),MATCH(min(((year(J$1)-YEAR($D22))*12+MONTH(J$1)-MONTH($D22)),12),Drivers!$C$10:$N$10))))} -> 1 | K22: {=if(AND($E22<K$1,$E22<>0),0,iferror(INDEX(Drivers!$C$11:$N$13,MATCH($C24,Drivers!$B$11:$B$13,0),MATCH(min(((year(K$1)-YEAR($D22))*12+MONTH(K$1)-MONTH($D22)),12),Drivers!$C$10:$N$10))))} -> 1 | L22: {=if(AND($E22<L$1,$E22<>0),0,iferror(INDEX(Drivers!$C$11:$N$13,MATCH($C24,Drivers!$B$11:$B$13,0),MATCH(min(((year(L$1)-YEAR($D22))*12+MONTH(L$1)-MONTH($D22)),12),Drivers!$C$10:$N$10))))} -> 1 | M22: {=if(AND($E22<M$1,$E22<>0),0,iferror(INDEX(Drivers!$C$11:$N$13,MATCH($C24,Drivers!$B$11:$B$13,0),MATCH(min(((year(M$1)-YEAR($D22))*12+MONTH(M$1)-MONTH($D22)),12),Drivers!$C$10:$N$10))))} -> 1 | N22: {=if(AND($E22<N$1,$E22<>0),0,iferror(INDEX(Drivers!$C$11:$N$13,MATCH($C24,Drivers!$B$11:$B$13,0),MATCH(min(((year(N$1)-YEAR($D22))*12+MONTH(N$1)-MONTH($D22)),12),Drivers!$C$10:$N$10))))} -> 1 | ... AD22: {=if(AND($E22<AD$1,$E22<>0),0,iferror(INDEX(Drivers!$C$11:$N$13,MATCH($C24,Drivers!$B$11:$B$13,0),MATCH(min(((year(AD$1)-YEAR($D22))*12+MONTH(AD$1)-MONTH($D22)),12),Drivers!$C$10:$N$10))))} -> 1
C24: Account Executives - Enterprise | G24: =SUMIFS(G$5:G$22,$C$5:$C$22,$C24) -> 2.25 | H24: =SUMIFS(H$5:H$22,$C$5:$C$22,$C24) -> 2.5 | I24: =SUMIFS(I$5:I$22,$C$5:$C$22,$C24) -> 2.5 | J24: =SUMIFS(J$5:J$22,$C$5:$C$22,$C24) -> 3 | K24: =SUMIFS(K$5:K$22,$C$5:$C$22,$C24) -> 3.25 | L24: =SUMIFS(L$5:L$22,$C$5:$C$22,$C24) -> 3.75 | M24: =SUMIFS(M$5:M$22,$C$5:$C$22,$C24) -> 4.5 | N24: =SUMIFS(N$5:N$22,$C$5:$C$22,$C24) -> 5 | ... AD24: =SUMIFS(AD$5:AD$22,$C$5:$C$22,$C24) -> 7
C25: Account Executives - Mid Market | G25: =SUMIFS(G$5:G$22,$C$5:$C$22,$C25) -> 4 | H25: =SUMIFS(H$5:H$22,$C$5:$C$22,$C25) -> 4.5 | I25: =SUMIFS(I$5:I$22,$C$5:$C$22,$C25) -> 5.25 | J25: =SUMIFS(J$5:J$22,$C$5:$C$22,$C25) -> 6 | K25: =SUMIFS(K$5:K$22,$C$5:$C$22,$C25) -> 5.75 | L25: =SUMIFS(L$5:L$22,$C$5:$C$22,$C25) -> 6 | M25: =SUMIFS(M$5:M$22,$C$5:$C$22,$C25) -> 6 | N25: =SUMIFS(N$5:N$22,$C$5:$C$22,$C25) -> 6 | ... AD25: =SUMIFS(AD$5:AD$22,$C$5:$C$22,$C25) -> 6
C26: Account Executives - SMB | G26: =SUMIFS(G$5:G$22,$C$5:$C$22,$C26) -> 0 | H26: =SUMIFS(H$5:H$22,$C$5:$C$22,$C26) -> 0 | I26: =SUMIFS(I$5:I$22,$C$5:$C$22,$C26) -> 0 | J26: =SUMIFS(J$5:J$22,$C$5:$C$22,$C26) -> 0.5 | K26: =SUMIFS(K$5:K$22,$C$5:$C$22,$C26) -> 0.75 | L26: =SUMIFS(L$5:L$22,$C$5:$C$22,$C26) -> 1 | M26: =SUMIFS(M$5:M$22,$C$5:$C$22,$C26) -> 1 | N26: =SUMIFS(N$5:N$22,$C$5:$C$22,$C26) -> 1 | ... AD26: =SUMIFS(AD$5:AD$22,$C$5:$C$22,$C26) -> 2
C27: Total | G27: =G25+G24 -> 6.25 | H27: =H25+H24 -> 7 | I27: =I25+I24 -> 7.75 | J27: =J25+J24 -> 9 | K27: =K25+K24 -> 9 | L27: =L25+L24 -> 9.75 | M27: =M25+M24 -> 10.5 | N27: =N25+N24 -> 11 | ... AD27: =AD25+AD24 -> 13
B29: Street Quota
B31: =B5 -> OnlyCFO | C31: =C5 -> Account Executives - Enterprise | D31: =D5 -> 44562 | E31: =E5 -> 1/0/00 | G31: {=IFERROR((INDEX(Drivers!$B$5:$C$7,MATCH($C31,Drivers!$B$5:$B$7,0),2)))*G5*INDEX(Drivers!$C$24:$N$24,MATCH(LEFT(G$2,4),Drivers!$C$23:$N$23,0))} -> 72000 | H31: {=IFERROR((INDEX(Drivers!$B$5:$C$7,MATCH($C31,Drivers!$B$5:$B$7,0),2)))*H5*INDEX(Drivers!$C$24:$N$24,MATCH(LEFT(H$2,4),Drivers!$C$23:$N$23,0))} -> 72000 | I31: {=IFERROR((INDEX(Drivers!$B$5:$C$7,MATCH($C31,Drivers!$B$5:$B$7,0),2)))*I5*INDEX(Drivers!$C$24:$N$24,MATCH(LEFT(I$2,4),Drivers!$C$23:$N$23,0))} -> 96000 | J31: {=IFERROR((INDEX(Drivers!$B$5:$C$7,MATCH($C31,Drivers!$B$5:$B$7,0),2)))*J5*INDEX(Drivers!$C$24:$N$24,MATCH(LEFT(J$2,4),Drivers!$C$23:$N$23,0))} -> 72000 | K31: {=IFERROR((INDEX(Drivers!$B$5:$C$7,MATCH($C31,Drivers!$B$5:$B$7,0),2)))*K5*INDEX(Drivers!$C$24:$N$24,MATCH(LEFT(K$2,4),Drivers!$C$23:$N$23,0))} -> 72000 | L31: {=IFERROR((INDEX(Drivers!$B$5:$C$7,MATCH($C31,Drivers!$B$5:$B$7,0),2)))*L5*INDEX(Drivers!$C$24:$N$24,MATCH(LEFT(L$2,4),Drivers!$C$23:$N$23,0))} -> 96000 | M31: {=IFERROR((INDEX(Drivers!$B$5:$C$7,MATCH($C31,Drivers!$B$5:$B$7,0),2)))*M5*INDEX(Drivers!$C$24:$N$24,MATCH(LEFT(M$2,4),Drivers!$C$23:$N$23,0))} -> 90000 | N31: {=IFERROR((INDEX(Drivers!$B$5:$C$7,MATCH($C31,Drivers!$B$5:$B$7,0),2)))*N5*INDEX(Drivers!$C$24:$N$24,MATCH(LEFT(N$2,4),Drivers!$C$23:$N$23,0))} -> 90000 | ... AD31: {=IFERROR((INDEX(Drivers!$B$5:$C$7,MATCH($C31,Drivers!$B$5:$B$7,0),2)))*AD5*INDEX(Drivers!$C$24:$N$24,MATCH(LEFT(AD$2,4),Drivers!$C$23:$N$23,0))} -> 168000
B32: =B6 -> Bob | C32: =C6 -> Account Executives - Mid Market | D32: =D6 -> 44652 | E32: =E6 -> 1/0/00 | G32: {=IFERROR((INDEX(Drivers!$B$5:$C$7,MATCH($C32,Drivers!$B$5:$B$7,0),2)))*G6*INDEX(Drivers!$C$24:$N$24,MATCH(LEFT(G$2,4),Drivers!$C$23:$N$23,0))} -> 36000 | H32: {=IFERROR((INDEX(Drivers!$B$5:$C$7,MATCH($C32,Drivers!$B$5:$B$7,0),2)))*H6*INDEX(Drivers!$C$24:$N$24,MATCH(LEFT(H$2,4),Drivers!$C$23:$N$23,0))} -> 36000 | I32: {=IFERROR((INDEX(Drivers!$B$5:$C$7,MATCH($C32,Drivers!$B$5:$B$7,0),2)))*I6*INDEX(Drivers!$C$24:$N$24,MATCH(LEFT(I$2,4),Drivers!$C$23:$N$23,0))} -> 48000 | J32: {=IFERROR((INDEX(Drivers!$B$5:$C$7,MATCH($C32,Drivers!$B$5:$B$7,0),2)))*J6*INDEX(Drivers!$C$24:$N$24,MATCH(LEFT(J$2,4),Drivers!$C$23:$N$23,0))} -> 36000 | K32: {=IFERROR((INDEX(Drivers!$B$5:$C$7,MATCH($C32,Drivers!$B$5:$B$7,0),2)))*K6*INDEX(Drivers!$C$24:$N$24,MATCH(LEFT(K$2,4),Drivers!$C$23:$N$23,0))} -> 36000 | L32: {=IFERROR((INDEX(Drivers!$B$5:$C$7,MATCH($C32,Drivers!$B$5:$B$7,0),2)))*L6*INDEX(Drivers!$C$24:$N$24,MATCH(LEFT(L$2,4),Drivers!$C$23:$N$23,0))} -> 48000 | M32: {=IFERROR((INDEX(Drivers!$B$5:$C$7,MATCH($C32,Drivers!$B$5:$B$7,0),2)))*M6*INDEX(Drivers!$C$24:$N$24,MATCH(LEFT(M$2,4),Drivers!$C$23:$N$23,0))} -> 45000 | N32: {=IFERROR((INDEX(Drivers!$B$5:$C$7,MATCH($C32,Drivers!$B$5:$B$7,0),2)))*N6*INDEX(Drivers!$C$24:$N$24,MATCH(LEFT(N$2,4),Drivers!$C$23:$N$23,0))} -> 45000 | ... AD32: {=IFERROR((INDEX(Drivers!$B$5:$C$7,MATCH($C32,Drivers!$B$5:$B$7,0),2)))*AD6*INDEX(Drivers!$C$24:$N$24,MATCH(LEFT(AD$2,4),Drivers!$C$23:$N$23,0))} -> 84000
B33: =B7 -> John | C33: =C7 -> Account Executives - Enterprise | D33: =D7 -> 44835 | E33: =E7 -> 1/0/00 | G33: {=IFERROR((INDEX(Drivers!$B$5:$C$7,MATCH($C33,Drivers!$B$5:$B$7,0),2)))*G7*INDEX(Drivers!$C$24:$N$24,MATCH(LEFT(G$2,4),Drivers!$C$23:$N$23,0))} -> 72000 | H33: {=IFERROR((INDEX(Drivers!$B$5:$C$7,MATCH($C33,Drivers!$B$5:$B$7,0),2)))*H7*INDEX(Drivers!$C$24:$N$24,MATCH(LEFT(H$2,4),Drivers!$C$23:$N$23,0))} -> 72000 | I33: {=IFERROR((INDEX(Drivers!$B$5:$C$7,MATCH($C33,Drivers!$B$5:$B$7,0),2)))*I7*INDEX(Drivers!$C$24:$N$24,MATCH(LEFT(I$2,4),Drivers!$C$23:$N$23,0))} -> 96000 | J33: {=IFERROR((INDEX(Drivers!$B$5:$C$7,MATCH($C33,Drivers!$B$5:$B$7,0),2)))*J7*INDEX(Drivers!$C$24:$N$24,MATCH(LEFT(J$2,4),Drivers!$C$23:$N$23,0))} -> 72000 | K33: {=IFERROR((INDEX(Drivers!$B$5:$C$7,MATCH($C33,Drivers!$B$5:$B$7,0),2)))*K7*INDEX(Drivers!$C$24:$N$24,MATCH(LEFT(K$2,4),Drivers!$C$23:$N$23,0))} -> 72000 | L33: {=IFERROR((INDEX(Drivers!$B$5:$C$7,MATCH($C33,Drivers!$B$5:$B$7,0),2)))*L7*INDEX(Drivers!$C$24:$N$24,MATCH(LEFT(L$2,4),Drivers!$C$23:$N$23,0))} -> 96000 | M33: {=IFERROR((INDEX(Drivers!$B$5:$C$7,MATCH($C33,Drivers!$B$5:$B$7,0),2)))*M7*INDEX(Drivers!$C$24:$N$24,MATCH(LEFT(M$2,4),Drivers!$C$23:$N$23,0))} -> 90000 | N33: {=IFERROR((INDEX(Drivers!$B$5:$C$7,MATCH($C33,Drivers!$B$5:$B$7,0),2)))*N7*INDEX(Drivers!$C$24:$N$24,MATCH(LEFT(N$2,4),Drivers!$C$23:$N$23,0))} -> 90000 | ... AD33: {=IFERROR((INDEX(Drivers!$B$5:$C$7,MATCH($C33,Drivers!$B$5:$B$7,0),2)))*AD7*INDEX(Drivers!$C$24:$N$24,MATCH(LEFT(AD$2,4),Drivers!$C$23:$N$23,0))} -> 168000
B34: =B8 -> CJ | C34: =C8 -> Account Executives - Enterprise | D34: =D8 -> 44986 | E34: =E8 -> 45323 | G34: {=IFERROR((INDEX(Drivers!$B$5:$C$7,MATCH($C34,Drivers!$B$5:$B$7,0),2)))*G8*INDEX(Drivers!$C$24:$N$24,MATCH(LEFT(G$2,4),Drivers!$C$23:$N$23,0))} -> 0 | H34: {=IFERROR((INDEX(Drivers!$B$5:$C$7,MATCH($C34,Drivers!$B$5:$B$7,0),2)))*H8*INDEX(Drivers!$C$24:$N$24,MATCH(LEFT(H$2,4),Drivers!$C$23:$N$23,0))} -> 0 | I34: {=IFERROR((INDEX(Drivers!$B$5:$C$7,MATCH($C34,Drivers!$B$5:$B$7,0),2)))*I8*INDEX(Drivers!$C$24:$N$24,MATCH(LEFT(I$2,4),Drivers!$C$23:$N$23,0))} -> 0 | J34: {=IFERROR((INDEX(Drivers!$B$5:$C$7,MATCH($C34,Drivers!$B$5:$B$7,0),2)))*J8*INDEX(Drivers!$C$24:$N$24,MATCH(LEFT(J$2,4),Drivers!$C$23:$N$23,0))} -> 0 | K34: {=IFERROR((INDEX(Drivers!$B$5:$C$7,MATCH($C34,Drivers!$B$5:$B$7,0),2)))*K8*INDEX(Drivers!$C$24:$N$24,MATCH(LEFT(K$2,4),Drivers!$C$23:$N$23,0))} -> 0 | L34: {=IFERROR((INDEX(Drivers!$B$5:$C$7,MATCH($C34,Drivers!$B$5:$B$7,0),2)))*L8*INDEX(Drivers!$C$24:$N$24,MATCH(LEFT(L$2,4),Drivers!$C$23:$N$23,0))} -> 0 | M34: {=IFERROR((INDEX(Drivers!$B$5:$C$7,MATCH($C34,Drivers!$B$5:$B$7,0),2)))*M8*INDEX(Drivers!$C$24:$N$24,MATCH(LEFT(M$2,4),Drivers!$C$23:$N$23,0))} -> 0 | N34: {=IFERROR((INDEX(Drivers!$B$5:$C$7,MATCH($C34,Drivers!$B$5:$B$7,0),2)))*N8*INDEX(Drivers!$C$24:$N$24,MATCH(LEFT(N$2,4),Drivers!$C$23:$N$23,0))} -> 0 | ... AD34: {=IFERROR((INDEX(Drivers!$B$5:$C$7,MATCH($C34,Drivers!$B$5:$B$7,0),2)))*AD8*INDEX(Drivers!$C$24:$N$24,MATCH(LEFT(AD$2,4),Drivers!$C$23:$N$23,0))} -> 0
B35: =B9 -> SecretCFO | C35: =C9 -> Account Executives - Mid Market | D35: =D9 -> 44713 | E35: =E9 -> 1/0/00 | G35: {=IFERROR((INDEX(Drivers!$B$5:$C$7,MATCH($C35,Drivers!$B$5:$B$7,0),2)))*G9*INDEX(Drivers!$C$24:$N$24,MATCH(LEFT(G$2,4),Drivers!$C$23:$N$23,0))} -> 36000 | H35: {=IFERROR((INDEX(Drivers!$B$5:$C$7,MATCH($C35,Drivers!$B$5:$B$7,0),2)))*H9*INDEX(Drivers!$C$24:$N$24,MATCH(LEFT(H$2,4),Drivers!$C$23:$N$23,0))} -> 36000 | I35: {=IFERROR((INDEX(Drivers!$B$5:$C$7,MATCH($C35,Drivers!$B$5:$B$7,0),2)))*I9*INDEX(Drivers!$C$24:$N$24,MATCH(LEFT(I$2,4),Drivers!$C$23:$N$23,0))} -> 48000 | J35: {=IFERROR((INDEX(Drivers!$B$5:$C$7,MATCH($C35,Drivers!$B$5:$B$7,0),2)))*J9*INDEX(Drivers!$C$24:$N$24,MATCH(LEFT(J$2,4),Drivers!$C$23:$N$23,0))} -> 36000 | K35: {=IFERROR((INDEX(Drivers!$B$5:$C$7,MATCH($C35,Drivers!$B$5:$B$7,0),2)))*K9*INDEX(Drivers!$C$24:$N$24,MATCH(LEFT(K$2,4),Drivers!$C$23:$N$23,0))} -> 36000 | L35: {=IFERROR((INDEX(Drivers!$B$5:$C$7,MATCH($C35,Drivers!$B$5:$B$7,0),2)))*L9*INDEX(Drivers!$C$24:$N$24,MATCH(LEFT(L$2,4),Drivers!$C$23:$N$23,0))} -> 48000 | M35: {=IFERROR((INDEX(Drivers!$B$5:$C$7,MATCH($C35,Drivers!$B$5:$B$7,0),2)))*M9*INDEX(Drivers!$C$24:$N$24,MATCH(LEFT(M$2,4),Drivers!$C$23:$N$23,0))} -> 45000 | N35: {=IFERROR((INDEX(Drivers!$B$5:$C$7,MATCH($C35,Drivers!$B$5:$B$7,0),2)))*N9*INDEX(Drivers!$C$24:$N$24,MATCH(LEFT(N$2,4),Drivers!$C$23:$N$23,0))} -> 45000 | ... AD35: {=IFERROR((INDEX(Drivers!$B$5:$C$7,MATCH($C35,Drivers!$B$5:$B$7,0),2)))*AD9*INDEX(Drivers!$C$24:$N$24,MATCH(LEFT(AD$2,4),Drivers!$C$23:$N$23,0))} -> 84000
B36: =B10 -> Dory | C36: =C10 -> Account Executives - Mid Market | D36: =D10 -> 44470 | E36: =E10 -> 45444 | G36: {=IFERROR((INDEX(Drivers!$B$5:$C$7,MATCH($C36,Drivers!$B$5:$B$7,0),2)))*G10*INDEX(Drivers!$C$24:$N$24,MATCH(LEFT(G$2,4),Drivers!$C$23:$N$23,0))} -> 36000 | H36: {=IFERROR((INDEX(Drivers!$B$5:$C$7,MATCH($C36,Drivers!$B$5:$B$7,0),2)))*H10*INDEX(Drivers!$C$24:$N$24,MATCH(LEFT(H$2,4),Drivers!$C$23:$N$23,0))} -> 36000 | I36: {=IFERROR((INDEX(Drivers!$B$5:$C$7,MATCH($C36,Drivers!$B$5:$B$7,0),2)))*I10*INDEX(Drivers!$C$24:$N$24,MATCH(LEFT(I$2,4),Drivers!$C$23:$N$23,0))} -> 48000 | J36: {=IFERROR((INDEX(Drivers!$B$5:$C$7,MATCH($C36,Drivers!$B$5:$B$7,0),2)))*J10*INDEX(Drivers!$C$24:$N$24,MATCH(LEFT(J$2,4),Drivers!$C$23:$N$23,0))} -> 36000 | K36: {=IFERROR((INDEX(Drivers!$B$5:$C$7,MATCH($C36,Drivers!$B$5:$B$7,0),2)))*K10*INDEX(Drivers!$C$24:$N$24,MATCH(LEFT(K$2,4),Drivers!$C$23:$N$23,0))} -> 0 | L36: {=IFERROR((INDEX(Drivers!$B$5:$C$7,MATCH($C36,Drivers!$B$5:$B$7,0),2)))*L10*INDEX(Drivers!$C$24:$N$24,MATCH(LEFT(L$2,4),Drivers!$C$23:$N$23,0))} -> 0 | M36: {=IFERROR((INDEX(Drivers!$B$5:$C$7,MATCH($C36,Drivers!$B$5:$B$7,0),2)))*M10*INDEX(Drivers!$C$24:$N$24,MATCH(LEFT(M$2,4),Drivers!$C$23:$N$23,0))} -> 0 | N36: {=IFERROR((INDEX(Drivers!$B$5:$C$7,MATCH($C36,Drivers!$B$5:$B$7,0),2)))*N10*INDEX(Drivers!$C$24:$N$24,MATCH(LEFT(N$2,4),Drivers!$C$23:$N$23,0))} -> 0 | ... AD36: {=IFERROR((INDEX(Drivers!$B$5:$C$7,MATCH($C36,Drivers!$B$5:$B$7,0),2)))*AD10*INDEX(Drivers!$C$24:$N$24,MATCH(LEFT(AD$2,4),Drivers!$C$23:$N$23,0))} -> 0
B37: =B11 -> Brittany | C37: =C11 -> Account Executives - Mid Market | D37: =D11 -> 45261 | E37: =E11 -> 1/0/00 | G37: {=IFERROR((INDEX(Drivers!$B$5:$C$7,MATCH($C37,Drivers!$B$5:$B$7,0),2)))*G11*INDEX(Drivers!$C$24:$N$24,MATCH(LEFT(G$2,4),Drivers!$C$23:$N$23,0))} -> 0 | H37: {=IFERROR((INDEX(Drivers!$B$5:$C$7,MATCH($C37,Drivers!$B$5:$B$7,0),2)))*H11*INDEX(Drivers!$C$24:$N$24,MATCH(LEFT(H$2,4),Drivers!$C$23:$N$23,0))} -> 9000 | I37: {=IFERROR((INDEX(Drivers!$B$5:$C$7,MATCH($C37,Drivers!$B$5:$B$7,0),2)))*I11*INDEX(Drivers!$C$24:$N$24,MATCH(LEFT(I$2,4),Drivers!$C$23:$N$23,0))} -> 24000 | J37: {=IFERROR((INDEX(Drivers!$B$5:$C$7,MATCH($C37,Drivers!$B$5:$B$7,0),2)))*J11*INDEX(Drivers!$C$24:$N$24,MATCH(LEFT(J$2,4),Drivers!$C$23:$N$23,0))} -> 27000 | K37: {=IFERROR((INDEX(Drivers!$B$5:$C$7,MATCH($C37,Drivers!$B$5:$B$7,0),2)))*K11*INDEX(Drivers!$C$24:$N$24,MATCH(LEFT(K$2,4),Drivers!$C$23:$N$23,0))} -> 36000 | L37: {=IFERROR((INDEX(Drivers!$B$5:$C$7,MATCH($C37,Drivers!$B$5:$B$7,0),2)))*L11*INDEX(Drivers!$C$24:$N$24,MATCH(LEFT(L$2,4),Drivers!$C$23:$N$23,0))} -> 48000 | M37: {=IFERROR((INDEX(Drivers!$B$5:$C$7,MATCH($C37,Drivers!$B$5:$B$7,0),2)))*M11*INDEX(Drivers!$C$24:$N$24,MATCH(LEFT(M$2,4),Drivers!$C$23:$N$23,0))} -> 45000 | N37: {=IFERROR((INDEX(Drivers!$B$5:$C$7,MATCH($C37,Drivers!$B$5:$B$7,0),2)))*N11*INDEX(Drivers!$C$24:$N$24,MATCH(LEFT(N$2,4),Drivers!$C$23:$N$23,0))} -> 45000 | ... AD37: {=IFERROR((INDEX(Drivers!$B$5:$C$7,MATCH($C37,Drivers!$B$5:$B$7,0),2)))*AD11*INDEX(Drivers!$C$24:$N$24,MATCH(LEFT(AD$2,4),Drivers!$C$23:$N$23,0))} -> 84000
B38: =B12 -> Dora the Explorer | C38: =C12 -> Account Executives - Enterprise | D38: =D12 -> 45321 | E38: =E12 -> 1/0/00 | G38: {=IFERROR((INDEX(Drivers!$B$5:$C$7,MATCH($C38,Drivers!$B$5:$B$7,0),2)))*G12*INDEX(Drivers!$C$24:$N$24,MATCH(LEFT(G$2,4),Drivers!$C$23:$N$23,0))} -> 0 | H38: {=IFERROR((INDEX(Drivers!$B$5:$C$7,MATCH($C38,Drivers!$B$5:$B$7,0),2)))*H12*INDEX(Drivers!$C$24:$N$24,MATCH(LEFT(H$2,4),Drivers!$C$23:$N$23,0))} -> 0 | I38: {=IFERROR((INDEX(Drivers!$B$5:$C$7,MATCH($C38,Drivers!$B$5:$B$7,0),2)))*I12*INDEX(Drivers!$C$24:$N$24,MATCH(LEFT(I$2,4),Drivers!$C$23:$N$23,0))} -> 0 | J38: {=IFERROR((INDEX(Drivers!$B$5:$C$7,MATCH($C38,Drivers!$B$5:$B$7,0),2)))*J12*INDEX(Drivers!$C$24:$N$24,MATCH(LEFT(J$2,4),Drivers!$C$23:$N$23,0))} -> 18000 | K38: {=IFERROR((INDEX(Drivers!$B$5:$C$7,MATCH($C38,Drivers!$B$5:$B$7,0),2)))*K12*INDEX(Drivers!$C$24:$N$24,MATCH(LEFT(K$2,4),Drivers!$C$23:$N$23,0))} -> 36000 | L38: {=IFERROR((INDEX(Drivers!$B$5:$C$7,MATCH($C38,Drivers!$B$5:$B$7,0),2)))*L12*INDEX(Drivers!$C$24:$N$24,MATCH(LEFT(L$2,4),Drivers!$C$23:$N$23,0))} -> 48000 | M38: {=IFERROR((INDEX(Drivers!$B$5:$C$7,MATCH($C38,Drivers!$B$5:$B$7,0),2)))*M12*INDEX(Drivers!$C$24:$N$24,MATCH(LEFT(M$2,4),Drivers!$C$23:$N$23,0))} -> 67500 | N38: {=IFERROR((INDEX(Drivers!$B$5:$C$7,MATCH($C38,Drivers!$B$5:$B$7,0),2)))*N12*INDEX(Drivers!$C$24:$N$24,MATCH(LEFT(N$2,4),Drivers!$C$23:$N$23,0))} -> 67500 | ... AD38: {=IFERROR((INDEX(Drivers!$B$5:$C$7,MATCH($C38,Drivers!$B$5:$B$7,0),2)))*AD12*INDEX(Drivers!$C$24:$N$24,MATCH(LEFT(AD$2,4),Drivers!$C$23:$N$23,0))} -> 168000
B39: =B13 -> Elsa | C39: =C13 -> Account Executives - Mid Market | D39: =D13 -> 45078 | E39: =E13 -> 1/0/00 | G39: {=IFERROR((INDEX(Drivers!$B$5:$C$7,MATCH($C39,Drivers!$B$5:$B$7,0),2)))*G13*INDEX(Drivers!$C$24:$N$24,MATCH(LEFT(G$2,4),Drivers!$C$23:$N$23,0))} -> 36000 | H39: {=IFERROR((INDEX(Drivers!$B$5:$C$7,MATCH($C39,Drivers!$B$5:$B$7,0),2)))*H13*INDEX(Drivers!$C$24:$N$24,MATCH(LEFT(H$2,4),Drivers!$C$23:$N$23,0))} -> 36000 | I39: {=IFERROR((INDEX(Drivers!$B$5:$C$7,MATCH($C39,Drivers!$B$5:$B$7,0),2)))*I13*INDEX(Drivers!$C$24:$N$24,MATCH(LEFT(I$2,4),Drivers!$C$23:$N$23,0))} -> 48000 | J39: {=IFERROR((INDEX(Drivers!$B$5:$C$7,MATCH($C39,Drivers!$B$5:$B$7,0),2)))*J13*INDEX(Drivers!$C$24:$N$24,MATCH(LEFT(J$2,4),Drivers!$C$23:$N$23,0))} -> 36000 | K39: {=IFERROR((INDEX(Drivers!$B$5:$C$7,MATCH($C39,Drivers!$B$5:$B$7,0),2)))*K13*INDEX(Drivers!$C$24:$N$24,MATCH(LEFT(K$2,4),Drivers!$C$23:$N$23,0))} -> 36000 | L39: {=IFERROR((INDEX(Drivers!$B$5:$C$7,MATCH($C39,Drivers!$B$5:$B$7,0),2)))*L13*INDEX(Drivers!$C$24:$N$24,MATCH(LEFT(L$2,4),Drivers!$C$23:$N$23,0))} -> 48000 | M39: {=IFERROR((INDEX(Drivers!$B$5:$C$7,MATCH($C39,Drivers!$B$5:$B$7,0),2)))*M13*INDEX(Drivers!$C$24:$N$24,MATCH(LEFT(M$2,4),Drivers!$C$23:$N$23,0))} -> 45000 | N39: {=IFERROR((INDEX(Drivers!$B$5:$C$7,MATCH($C39,Drivers!$B$5:$B$7,0),2)))*N13*INDEX(Drivers!$C$24:$N$24,MATCH(LEFT(N$2,4),Drivers!$C$23:$N$23,0))} -> 45000 | ... AD39: {=IFERROR((INDEX(Drivers!$B$5:$C$7,MATCH($C39,Drivers!$B$5:$B$7,0),2)))*AD13*INDEX(Drivers!$C$24:$N$24,MATCH(LEFT(AD$2,4),Drivers!$C$23:$N$23,0))} -> 84000
B40: =B14 -> Snow White | C40: =C14 -> Account Executives - Enterprise | D40: =D14 -> 45200 | E40: =E14 -> 1/0/00 | G40: {=IFERROR((INDEX(Drivers!$B$5:$C$7,MATCH($C40,Drivers!$B$5:$B$7,0),2)))*G14*INDEX(Drivers!$C$24:$N$24,MATCH(LEFT(G$2,4),Drivers!$C$23:$N$23,0))} -> 18000 | H40: {=IFERROR((INDEX(Drivers!$B$5:$C$7,MATCH($C40,Drivers!$B$5:$B$7,0),2)))*H14*INDEX(Drivers!$C$24:$N$24,MATCH(LEFT(H$2,4),Drivers!$C$23:$N$23,0))} -> 36000 | I40: {=IFERROR((INDEX(Drivers!$B$5:$C$7,MATCH($C40,Drivers!$B$5:$B$7,0),2)))*I14*INDEX(Drivers!$C$24:$N$24,MATCH(LEFT(I$2,4),Drivers!$C$23:$N$23,0))} -> 48000 | J40: {=IFERROR((INDEX(Drivers!$B$5:$C$7,MATCH($C40,Drivers!$B$5:$B$7,0),2)))*J14*INDEX(Drivers!$C$24:$N$24,MATCH(LEFT(J$2,4),Drivers!$C$23:$N$23,0))} -> 54000 | K40: {=IFERROR((INDEX(Drivers!$B$5:$C$7,MATCH($C40,Drivers!$B$5:$B$7,0),2)))*K14*INDEX(Drivers!$C$24:$N$24,MATCH(LEFT(K$2,4),Drivers!$C$23:$N$23,0))} -> 54000 | L40: {=IFERROR((INDEX(Drivers!$B$5:$C$7,MATCH($C40,Drivers!$B$5:$B$7,0),2)))*L14*INDEX(Drivers!$C$24:$N$24,MATCH(LEFT(L$2,4),Drivers!$C$23:$N$23,0))} -> 96000 | M40: {=IFERROR((INDEX(Drivers!$B$5:$C$7,MATCH($C40,Drivers!$B$5:$B$7,0),2)))*M14*INDEX(Drivers!$C$24:$N$24,MATCH(LEFT(M$2,4),Drivers!$C$23:$N$23,0))} -> 90000 | N40: {=IFERROR((INDEX(Drivers!$B$5:$C$7,MATCH($C40,Drivers!$B$5:$B$7,0),2)))*N14*INDEX(Drivers!$C$24:$N$24,MATCH(LEFT(N$2,4),Drivers!$C$23:$N$23,0))} -> 90000 | ... AD40: {=IFERROR((INDEX(Drivers!$B$5:$C$7,MATCH($C40,Drivers!$B$5:$B$7,0),2)))*AD14*INDEX(Drivers!$C$24:$N$24,MATCH(LEFT(AD$2,4),Drivers!$C$23:$N$23,0))} -> 168000
B41: =B15 | C41: =C15 -> Account Executives - Mid Market | D41: =D15 -> 45261 | E41: =E15 -> 1/0/00 | G41: {=IFERROR((INDEX(Drivers!$B$5:$C$7,MATCH($C41,Drivers!$B$5:$B$7,0),2)))*G15*INDEX(Drivers!$C$24:$N$24,MATCH(LEFT(G$2,4),Drivers!$C$23:$N$23,0))} -> 0 | H41: {=IFERROR((INDEX(Drivers!$B$5:$C$7,MATCH($C41,Drivers!$B$5:$B$7,0),2)))*H15*INDEX(Drivers!$C$24:$N$24,MATCH(LEFT(H$2,4),Drivers!$C$23:$N$23,0))} -> 9000 | I41: {=IFERROR((INDEX(Drivers!$B$5:$C$7,MATCH($C41,Drivers!$B$5:$B$7,0),2)))*I15*INDEX(Drivers!$C$24:$N$24,MATCH(LEFT(I$2,4),Drivers!$C$23:$N$23,0))} -> 24000 | J41: {=IFERROR((INDEX(Drivers!$B$5:$C$7,MATCH($C41,Drivers!$B$5:$B$7,0),2)))*J15*INDEX(Drivers!$C$24:$N$24,MATCH(LEFT(J$2,4),Drivers!$C$23:$N$23,0))} -> 27000 | K41: {=IFERROR((INDEX(Drivers!$B$5:$C$7,MATCH($C41,Drivers!$B$5:$B$7,0),2)))*K15*INDEX(Drivers!$C$24:$N$24,MATCH(LEFT(K$2,4),Drivers!$C$23:$N$23,0))} -> 36000 | L41: {=IFERROR((INDEX(Drivers!$B$5:$C$7,MATCH($C41,Drivers!$B$5:$B$7,0),2)))*L15*INDEX(Drivers!$C$24:$N$24,MATCH(LEFT(L$2,4),Drivers!$C$23:$N$23,0))} -> 48000 | M41: {=IFERROR((INDEX(Drivers!$B$5:$C$7,MATCH($C41,Drivers!$B$5:$B$7,0),2)))*M15*INDEX(Drivers!$C$24:$N$24,MATCH(LEFT(M$2,4),Drivers!$C$23:$N$23,0))} -> 45000 | N41: {=IFERROR((INDEX(Drivers!$B$5:$C$7,MATCH($C41,Drivers!$B$5:$B$7,0),2)))*N15*INDEX(Drivers!$C$24:$N$24,MATCH(LEFT(N$2,4),Drivers!$C$23:$N$23,0))} -> 45000 | ... AD41: {=IFERROR((INDEX(Drivers!$B$5:$C$7,MATCH($C41,Drivers!$B$5:$B$7,0),2)))*AD15*INDEX(Drivers!$C$24:$N$24,MATCH(LEFT(AD$2,4),Drivers!$C$23:$N$23,0))} -> 84000
B42: =B16 | C42: =C16 -> Account Executives - Mid Market | D42: =D16 -> 45321 | E42: =E16 -> 1/0/00 | G42: {=IFERROR((INDEX(Drivers!$B$5:$C$7,MATCH($C42,Drivers!$B$5:$B$7,0),2)))*G16*INDEX(Drivers!$C$24:$N$24,MATCH(LEFT(G$2,4),Drivers!$C$23:$N$23,0))} -> 0 | H42: {=IFERROR((INDEX(Drivers!$B$5:$C$7,MATCH($C42,Drivers!$B$5:$B$7,0),2)))*H16*INDEX(Drivers!$C$24:$N$24,MATCH(LEFT(H$2,4),Drivers!$C$23:$N$23,0))} -> 0 | I42: {=IFERROR((INDEX(Drivers!$B$5:$C$7,MATCH($C42,Drivers!$B$5:$B$7,0),2)))*I16*INDEX(Drivers!$C$24:$N$24,MATCH(LEFT(I$2,4),Drivers!$C$23:$N$23,0))} -> 12000 | J42: {=IFERROR((INDEX(Drivers!$B$5:$C$7,MATCH($C42,Drivers!$B$5:$B$7,0),2)))*J16*INDEX(Drivers!$C$24:$N$24,MATCH(LEFT(J$2,4),Drivers!$C$23:$N$23,0))} -> 18000 | K42: {=IFERROR((INDEX(Drivers!$B$5:$C$7,MATCH($C42,Drivers!$B$5:$B$7,0),2)))*K16*INDEX(Drivers!$C$24:$N$24,MATCH(LEFT(K$2,4),Drivers!$C$23:$N$23,0))} -> 27000 | L42: {=IFERROR((INDEX(Drivers!$B$5:$C$7,MATCH($C42,Drivers!$B$5:$B$7,0),2)))*L16*INDEX(Drivers!$C$24:$N$24,MATCH(LEFT(L$2,4),Drivers!$C$23:$N$23,0))} -> 48000 | M42: {=IFERROR((INDEX(Drivers!$B$5:$C$7,MATCH($C42,Drivers!$B$5:$B$7,0),2)))*M16*INDEX(Drivers!$C$24:$N$24,MATCH(LEFT(M$2,4),Drivers!$C$23:$N$23,0))} -> 45000 | N42: {=IFERROR((INDEX(Drivers!$B$5:$C$7,MATCH($C42,Drivers!$B$5:$B$7,0),2)))*N16*INDEX(Drivers!$C$24:$N$24,MATCH(LEFT(N$2,4),Drivers!$C$23:$N$23,0))} -> 45000 | ... AD42: {=IFERROR((INDEX(Drivers!$B$5:$C$7,MATCH($C42,Drivers!$B$5:$B$7,0),2)))*AD16*INDEX(Drivers!$C$24:$N$24,MATCH(LEFT(AD$2,4),Drivers!$C$23:$N$23,0))} -> 84000
... B45: =B19 | C45: =C19 -> Account Executives - Enterprise | D45: =D19 -> 45352 | E45: =E19 -> 1/0/00 | G45: {=IFERROR((INDEX(Drivers!$B$5:$C$7,MATCH($C45,Drivers!$B$5:$B$7,0),2)))*G19*INDEX(Drivers!$C$24:$N$24,MATCH(LEFT(G$2,4),Drivers!$C$23:$N$23,0))} -> 0 | H45: {=IFERROR((INDEX(Drivers!$B$5:$C$7,MATCH($C45,Drivers!$B$5:$B$7,0),2)))*H19*INDEX(Drivers!$C$24:$N$24,MATCH(LEFT(H$2,4),Drivers!$C$23:$N$23,0))} -> 0 | I45: {=IFERROR((INDEX(Drivers!$B$5:$C$7,MATCH($C45,Drivers!$B$5:$B$7,0),2)))*I19*INDEX(Drivers!$C$24:$N$24,MATCH(LEFT(I$2,4),Drivers!$C$23:$N$23,0))} -> 0 | J45: {=IFERROR((INDEX(Drivers!$B$5:$C$7,MATCH($C45,Drivers!$B$5:$B$7,0),2)))*J19*INDEX(Drivers!$C$24:$N$24,MATCH(LEFT(J$2,4),Drivers!$C$23:$N$23,0))} -> 0 | K45: {=IFERROR((INDEX(Drivers!$B$5:$C$7,MATCH($C45,Drivers!$B$5:$B$7,0),2)))*K19*INDEX(Drivers!$C$24:$N$24,MATCH(LEFT(K$2,4),Drivers!$C$23:$N$23,0))} -> 0 | L45: {=IFERROR((INDEX(Drivers!$B$5:$C$7,MATCH($C45,Drivers!$B$5:$B$7,0),2)))*L19*INDEX(Drivers!$C$24:$N$24,MATCH(LEFT(L$2,4),Drivers!$C$23:$N$23,0))} -> 24000 | M45: {=IFERROR((INDEX(Drivers!$B$5:$C$7,MATCH($C45,Drivers!$B$5:$B$7,0),2)))*M19*INDEX(Drivers!$C$24:$N$24,MATCH(LEFT(M$2,4),Drivers!$C$23:$N$23,0))} -> 45000 | N45: {=IFERROR((INDEX(Drivers!$B$5:$C$7,MATCH($C45,Drivers!$B$5:$B$7,0),2)))*N19*INDEX(Drivers!$C$24:$N$24,MATCH(LEFT(N$2,4),Drivers!$C$23:$N$23,0))} -> 45000 | ... AD45: {=IFERROR((INDEX(Drivers!$B$5:$C$7,MATCH($C45,Drivers!$B$5:$B$7,0),2)))*AD19*INDEX(Drivers!$C$24:$N$24,MATCH(LEFT(AD$2,4),Drivers!$C$23:$N$23,0))} -> 168000
C46: =C20 -> Account Executives - Enterprise | D46: =D20 -> 45383 | E46: =E20 -> 1/0/00 | G46: {=IFERROR((INDEX(Drivers!$B$5:$C$7,MATCH($C46,Drivers!$B$5:$B$7,0),2)))*G20*INDEX(Drivers!$C$24:$N$24,MATCH(LEFT(G$2,4),Drivers!$C$23:$N$23,0))} -> 0 | H46: {=IFERROR((INDEX(Drivers!$B$5:$C$7,MATCH($C46,Drivers!$B$5:$B$7,0),2)))*H20*INDEX(Drivers!$C$24:$N$24,MATCH(LEFT(H$2,4),Drivers!$C$23:$N$23,0))} -> 0 | I46: {=IFERROR((INDEX(Drivers!$B$5:$C$7,MATCH($C46,Drivers!$B$5:$B$7,0),2)))*I20*INDEX(Drivers!$C$24:$N$24,MATCH(LEFT(I$2,4),Drivers!$C$23:$N$23,0))} -> 0 | J46: {=IFERROR((INDEX(Drivers!$B$5:$C$7,MATCH($C46,Drivers!$B$5:$B$7,0),2)))*J20*INDEX(Drivers!$C$24:$N$24,MATCH(LEFT(J$2,4),Drivers!$C$23:$N$23,0))} -> 0 | K46: {=IFERROR((INDEX(Drivers!$B$5:$C$7,MATCH($C46,Drivers!$B$5:$B$7,0),2)))*K20*INDEX(Drivers!$C$24:$N$24,MATCH(LEFT(K$2,4),Drivers!$C$23:$N$23,0))} -> 0 | L46: {=IFERROR((INDEX(Drivers!$B$5:$C$7,MATCH($C46,Drivers!$B$5:$B$7,0),2)))*L20*INDEX(Drivers!$C$24:$N$24,MATCH(LEFT(L$2,4),Drivers!$C$23:$N$23,0))} -> 0 | M46: {=IFERROR((INDEX(Drivers!$B$5:$C$7,MATCH($C46,Drivers!$B$5:$B$7,0),2)))*M20*INDEX(Drivers!$C$24:$N$24,MATCH(LEFT(M$2,4),Drivers!$C$23:$N$23,0))} -> 22500 | N46: {=IFERROR((INDEX(Drivers!$B$5:$C$7,MATCH($C46,Drivers!$B$5:$B$7,0),2)))*N20*INDEX(Drivers!$C$24:$N$24,MATCH(LEFT(N$2,4),Drivers!$C$23:$N$23,0))} -> 45000 | ... AD46: {=IFERROR((INDEX(Drivers!$B$5:$C$7,MATCH($C46,Drivers!$B$5:$B$7,0),2)))*AD20*INDEX(Drivers!$C$24:$N$24,MATCH(LEFT(AD$2,4),Drivers!$C$23:$N$23,0))} -> 168000
C47: =C21 -> Account Executives - Enterprise | D47: =D21 -> 45413 | E47: =E21 -> 1/0/00 | G47: {=IFERROR((INDEX(Drivers!$B$5:$C$7,MATCH($C47,Drivers!$B$5:$B$7,0),2)))*G21*INDEX(Drivers!$C$24:$N$24,MATCH(LEFT(G$2,4),Drivers!$C$23:$N$23,0))} -> 0 | H47: {=IFERROR((INDEX(Drivers!$B$5:$C$7,MATCH($C47,Drivers!$B$5:$B$7,0),2)))*H21*INDEX(Drivers!$C$24:$N$24,MATCH(LEFT(H$2,4),Drivers!$C$23:$N$23,0))} -> 0 | I47: {=IFERROR((INDEX(Drivers!$B$5:$C$7,MATCH($C47,Drivers!$B$5:$B$7,0),2)))*I21*INDEX(Drivers!$C$24:$N$24,MATCH(LEFT(I$2,4),Drivers!$C$23:$N$23,0))} -> 0 | J47: {=IFERROR((INDEX(Drivers!$B$5:$C$7,MATCH($C47,Drivers!$B$5:$B$7,0),2)))*J21*INDEX(Drivers!$C$24:$N$24,MATCH(LEFT(J$2,4),Drivers!$C$23:$N$23,0))} -> 0 | K47: {=IFERROR((INDEX(Drivers!$B$5:$C$7,MATCH($C47,Drivers!$B$5:$B$7,0),2)))*K21*INDEX(Drivers!$C$24:$N$24,MATCH(LEFT(K$2,4),Drivers!$C$23:$N$23,0))} -> 0 | L47: {=IFERROR((INDEX(Drivers!$B$5:$C$7,MATCH($C47,Drivers!$B$5:$B$7,0),2)))*L21*INDEX(Drivers!$C$24:$N$24,MATCH(LEFT(L$2,4),Drivers!$C$23:$N$23,0))} -> 0 | M47: {=IFERROR((INDEX(Drivers!$B$5:$C$7,MATCH($C47,Drivers!$B$5:$B$7,0),2)))*M21*INDEX(Drivers!$C$24:$N$24,MATCH(LEFT(M$2,4),Drivers!$C$23:$N$23,0))} -> 0 | N47: {=IFERROR((INDEX(Drivers!$B$5:$C$7,MATCH($C47,Drivers!$B$5:$B$7,0),2)))*N21*INDEX(Drivers!$C$24:$N$24,MATCH(LEFT(N$2,4),Drivers!$C$23:$N$23,0))} -> 22500 | ... AD47: {=IFERROR((INDEX(Drivers!$B$5:$C$7,MATCH($C47,Drivers!$B$5:$B$7,0),2)))*AD21*INDEX(Drivers!$C$24:$N$24,MATCH(LEFT(AD$2,4),Drivers!$C$23:$N$23,0))} -> 168000
C48: >>Copy formula down as more sales reps are added
B51: =B28 | C51: =C28
C52: Account Executives - Enterprise | G52: =SUMIFS(G$31:G50,$C$31:$C$50,$C52) -> 162000 | H52: =SUMIFS(H$31:H50,$C$31:$C$50,$C52) -> 180000 | I52: =SUMIFS(I$31:I50,$C$31:$C$50,$C52) -> 240000 | J52: =SUMIFS(J$31:J50,$C$31:$C$50,$C52) -> 216000 | K52: =SUMIFS(K$31:K50,$C$31:$C$50,$C52) -> 234000 | L52: =SUMIFS(L$31:L50,$C$31:$C$50,$C52) -> 360000 | M52: =SUMIFS(M$31:M50,$C$31:$C$50,$C52) -> 405000 | N52: =SUMIFS(N$31:N50,$C$31:$C$50,$C52) -> 450000 | ... AD52: =SUMIFS(AD$31:AD50,$C$31:$C$50,$C52) -> 1176000
C53: Account Executives - Mid Market | G53: =SUMIFS(G$31:G50,$C$31:$C$50,$C53) -> 144000 | H53: =SUMIFS(H$31:H50,$C$31:$C$50,$C53) -> 162000 | I53: =SUMIFS(I$31:I50,$C$31:$C$50,$C53) -> 252000 | J53: =SUMIFS(J$31:J50,$C$31:$C$50,$C53) -> 216000 | K53: =SUMIFS(K$31:K50,$C$31:$C$50,$C53) -> 207000 | L53: =SUMIFS(L$31:L50,$C$31:$C$50,$C53) -> 288000 | M53: =SUMIFS(M$31:M50,$C$31:$C$50,$C53) -> 270000 | N53: =SUMIFS(N$31:N50,$C$31:$C$50,$C53) -> 270000 | ... AD53: =SUMIFS(AD$31:AD50,$C$31:$C$50,$C53) -> 504000
C54: Account Executives - SMB | G54: =SUMIFS(G$31:G50,$C$31:$C$50,$C54) -> 0 | H54: =SUMIFS(H$31:H50,$C$31:$C$50,$C54) -> 0 | I54: =SUMIFS(I$31:I50,$C$31:$C$50,$C54) -> 0 | J54: =SUMIFS(J$31:J50,$C$31:$C$50,$C54) -> 22500 | K54: =SUMIFS(K$31:K50,$C$31:$C$50,$C54) -> 33750 | L54: =SUMIFS(L$31:L50,$C$31:$C$50,$C54) -> 60000 | M54: =SUMIFS(M$31:M50,$C$31:$C$50,$C54) -> 56250 | N54: =SUMIFS(N$31:N50,$C$31:$C$50,$C54) -> 56250 | ... AD54: =SUMIFS(AD$31:AD50,$C$31:$C$50,$C54) -> 210000
C55: Total | G55: =G53+G52 -> 306000 | H55: =H53+H52 -> 342000 | I55: =I53+I52 -> 492000 | J55: =J53+J52 -> 432000 | K55: =K53+K52 -> 441000 | L55: =L53+L52 -> 648000 | M55: =M53+M52 -> 675000 | N55: =N53+N52 -> 720000 | ... AD55: =AD53+AD52 -> 1680000
B57: Productive Capacity (street quota less overassign)
C59: 320 Account Executives - Enterprise | G59: =G52*(1-Drivers!$C$15) -> 132840 | H59: =H52*(1-Drivers!$C$15) -> 147600 | I59: =I52*(1-Drivers!$C$15) -> 196800 | J59: =J52*(1-Drivers!$C$15) -> 177120 | K59: =K52*(1-Drivers!$C$15) -> 191880 | L59: =L52*(1-Drivers!$C$15) -> 295200 | M59: =M52*(1-Drivers!$C$15) -> 332100 | N59: =N52*(1-Drivers!$C$15) -> 369000 | ... AD59: =AD52*(1-Drivers!$C$15) -> 964320
C60: 330 Account Executives - Commercial | G60: =G53*(1-Drivers!$C$15) -> 118080 | H60: =H53*(1-Drivers!$C$15) -> 132840 | I60: =I53*(1-Drivers!$C$15) -> 206640 | J60: =J53*(1-Drivers!$C$15) -> 177120 | K60: =K53*(1-Drivers!$C$15) -> 169740 | L60: =L53*(1-Drivers!$C$15) -> 236160 | M60: =M53*(1-Drivers!$C$15) -> 221400 | N60: =N53*(1-Drivers!$C$15) -> 221400 | ... AD60: =AD53*(1-Drivers!$C$15) -> 413280
C61: Account Executives - SMB | G61: =G54*(1-Drivers!$C$15) -> 0 | H61: =H54*(1-Drivers!$C$15) -> 0 | I61: =I54*(1-Drivers!$C$15) -> 0 | J61: =J54*(1-Drivers!$C$15) -> 18450 | K61: =K54*(1-Drivers!$C$15) -> 27675 | L61: =L54*(1-Drivers!$C$15) -> 49200 | M61: =M54*(1-Drivers!$C$15) -> 46125 | N61: =N54*(1-Drivers!$C$15) -> 46125 | ... AD61: =AD54*(1-Drivers!$C$15) -> 172200
C62: Total | G62: =G60+G59 -> 250920 | H62: =H60+H59 -> 280440 | I62: =I60+I59 -> 403440 | J62: =J60+J59 -> 354240 | K62: =K60+K59 -> 361620 | L62: =L60+L59 -> 531360 | M62: =M60+M59 -> 553500 | N62: =N60+N59 -> 590400 | ... AD62: =AD60+AD59 -> 1377600
C64: Management Discretionary
C66: Adjusted productive capacity | G66: =G64+G62 -> 250920 | H66: =H64+H62 -> 280440 | I66: =I64+I62 -> 403440 | J66: =J64+J62 -> 354240 | K66: =K64+K62 -> 361620 | L66: =L64+L62 -> 531360 | M66: =M64+M62 -> 553500 | N66: =N64+N62 -> 590400 | ... AD66: =AD64+AD62 -> 1377600
B68: Pipeline Funnel
B69: Enterprise
C70: ASP | G70: 75000 | H70: 75000 | I70: 75000 | J70: 75000 | K70: 75000 | L70: 75000 | M70: 75000 | N70: 75000 | O70: 75000 | P70: 75000 | Q70: 75000 | R70: 75000 | S70: 75000 | T70: 75000 | U70: 75000 | V70: 75000 | W70: 75000 | X70: 75000 | Y70: 75000 | Z70: 75000 | AA70: 75000 | AB70: 75000 | AC70: 75000 | AD70: 75000
C71: Closed oppties per month | G71: =G52/G70 -> 2.16 | H71: =H52/H70 -> 2.4 | I71: =I52/I70 -> 3.2 | J71: =J52/J70 -> 2.88 | K71: =K52/K70 -> 3.12 | L71: =L52/L70 -> 4.8 | M71: =M52/M70 -> 5.4 | N71: =N52/N70 -> 6 | ... AD71: =AD52/AD70 -> 15.68
C72: Win Rate (Oppty to Win) | G72: 0.15 | H72: 0.15 | I72: 0.15 | J72: 0.15 | K72: 0.15 | L72: 0.15 | M72: 0.15 | N72: 0.15 | O72: 0.15 | P72: 0.15 | Q72: 0.15 | R72: 0.15 | S72: 0.15 | T72: 0.15 | U72: 0.15 | V72: 0.15 | W72: 0.15 | X72: 0.15 | Y72: 0.15 | Z72: 0.15 | AA72: 0.15 | AB72: 0.15 | AC72: 0.15 | AD72: 0.15
C73: Oppties needed | G73: =OFFSET(G71,,Drivers!$C$31)/OFFSET(G72,,Drivers!$C$31) -> 40 | H73: =OFFSET(H71,,Drivers!$C$31)/OFFSET(H72,,Drivers!$C$31) -> 61.333333 | I73: =OFFSET(I71,,Drivers!$C$31)/OFFSET(I72,,Drivers!$C$31) -> 67.2 | J73: =OFFSET(J71,,Drivers!$C$31)/OFFSET(J72,,Drivers!$C$31) -> 72.8 | K73: =OFFSET(K71,,Drivers!$C$31)/OFFSET(K72,,Drivers!$C$31) -> 100.8 | L73: =OFFSET(L71,,Drivers!$C$31)/OFFSET(L72,,Drivers!$C$31) -> 44.8 | M73: =OFFSET(M71,,Drivers!$C$31)/OFFSET(M72,,Drivers!$C$31) -> 44.8 | N73: =OFFSET(N71,,Drivers!$C$31)/OFFSET(N72,,Drivers!$C$31) -> 59.733333 | ... AD73: =OFFSET(AD71,,Drivers!$C$31)/OFFSET(AD72,,Drivers!$C$31) -> #DIV/0!
C74: SQL (meeting set) to Oppty | G74: 0.8 | H74: 0.8 | I74: 0.8 | J74: 0.8 | K74: 0.8 | L74: 0.8 | M74: 0.8 | N74: 0.8 | O74: 0.8 | P74: 0.8 | Q74: 0.8 | R74: 0.8 | S74: 0.8 | T74: 0.8 | U74: 0.8 | V74: 0.8 | W74: 0.8 | X74: 0.8 | Y74: 0.8 | Z74: 0.8 | AA74: 0.8 | AB74: 0.8 | AC74: 0.8 | AD74: 0.8
C75: SQLs needed | G75: =OFFSET(G73,,Drivers!$C$34)/OFFSET(G74,,Drivers!$C$34) -> 76.666667 | H75: =OFFSET(H73,,Drivers!$C$34)/OFFSET(H74,,Drivers!$C$34) -> 84 | I75: =OFFSET(I73,,Drivers!$C$34)/OFFSET(I74,,Drivers!$C$34) -> 91 | J75: =OFFSET(J73,,Drivers!$C$34)/OFFSET(J74,,Drivers!$C$34) -> 126 | K75: =OFFSET(K73,,Drivers!$C$34)/OFFSET(K74,,Drivers!$C$34) -> 56 | L75: =OFFSET(L73,,Drivers!$C$34)/OFFSET(L74,,Drivers!$C$34) -> 56 | M75: =OFFSET(M73,,Drivers!$C$34)/OFFSET(M74,,Drivers!$C$34) -> 74.666667 | N75: =OFFSET(N73,,Drivers!$C$34)/OFFSET(N74,,Drivers!$C$34) -> 56 | ... AD75: =OFFSET(AD73,,Drivers!$C$34)/OFFSET(AD74,,Drivers!$C$34) -> #DIV/0!
B77: PipeGen Sources*
B78: 0.3 | C78: SDR Outbound | G78: =G$73*$B78 -> 12 | H78: =H$73*$B78 -> 18.4 | I78: =I$73*$B78 -> 20.16 | J78: =J$73*$B78 -> 21.84 | K78: =K$73*$B78 -> 30.24 | L78: =L$73*$B78 -> 13.44 | M78: =M$73*$B78 -> 13.44 | N78: =N$73*$B78 -> 17.92 | ... AD78: =AD$73*$B78 -> #DIV/0!
B79: 0.4 | C79: Marketing | G79: =G$73*$B79 -> 16 | H79: =H$73*$B79 -> 24.533333 | I79: =I$73*$B79 -> 26.88 | J79: =J$73*$B79 -> 29.12 | K79: =K$73*$B79 -> 40.32 | L79: =L$73*$B79 -> 17.92 | M79: =M$73*$B79 -> 17.92 | N79: =N$73*$B79 -> 23.893333 | ... AD79: =AD$73*$B79 -> #DIV/0!
B80: 0.15 | C80: AE | G80: =G$73*$B80 -> 6 | H80: =H$73*$B80 -> 9.2 | I80: =I$73*$B80 -> 10.08 | J80: =J$73*$B80 -> 10.92 | K80: =K$73*$B80 -> 15.12 | L80: =L$73*$B80 -> 6.72 | M80: =M$73*$B80 -> 6.72 | N80: =N$73*$B80 -> 8.96 | ... AD80: =AD$73*$B80 -> #DIV/0!
B81: 0.15 | C81: Partners | G81: =G$73*$B81 -> 6 | H81: =H$73*$B81 -> 9.2 | I81: =I$73*$B81 -> 10.08 | J81: =J$73*$B81 -> 10.92 | K81: =K$73*$B81 -> 15.12 | L81: =L$73*$B81 -> 6.72 | M81: =M$73*$B81 -> 6.72 | N81: =N$73*$B81 -> 8.96 | ... AD81: =AD$73*$B81 -> #DIV/0!
C82: Total Oppties | G82: =SUM(G78:G81) -> 40 | H82: =SUM(H78:H81) -> 61.333333 | I82: =SUM(I78:I81) -> 67.2 | J82: =SUM(J78:J81) -> 72.8 | K82: =SUM(K78:K81) -> 100.8 | L82: =SUM(L78:L81) -> 44.8 | M82: =SUM(M78:M81) -> 44.8 | N82: =SUM(N78:N81) -> 59.733333 | ... AD82: =SUM(AD78:AD81) -> #DIV/0!
B85: Mid Market + SMB
C86: ASP | G86: 30000 | H86: 30000 | I86: 30000 | J86: 30000 | K86: 30000 | L86: 30000 | M86: 30000 | N86: 30000 | O86: 30000 | P86: 30000 | Q86: 30000 | R86: 30000 | S86: 30000 | T86: 30000 | U86: 30000 | V86: 30000 | W86: 30000 | X86: 30000 | Y86: 30000 | Z86: 30000 | AA86: 30000 | AB86: 30000 | AC86: 30000 | AD86: 30000
C87: Closed oppties per month | G87: =(G60+G61)/G86 -> 3.936 | H87: =(H60+H61)/H86 -> 4.428 | I87: =(I60+I61)/I86 -> 6.888 | J87: =(J60+J61)/J86 -> 6.519 | K87: =(K60+K61)/K86 -> 6.5805 | L87: =(L60+L61)/L86 -> 9.512 | M87: =(M60+M61)/M86 -> 8.9175 | N87: =(N60+N61)/N86 -> 8.9175 | ... AD87: =(AD60+AD61)/AD86 -> 19.516
C88: Win Rate (Oppty to Win) | G88: 0.12 | H88: 0.12 | I88: 0.12 | J88: 0.12 | K88: 0.12 | L88: 0.12 | M88: 0.12 | N88: 0.12 | O88: 0.12 | P88: 0.12 | Q88: 0.12 | R88: 0.12 | S88: 0.12 | T88: 0.12 | U88: 0.12 | V88: 0.12 | W88: 0.12 | X88: 0.12 | Y88: 0.12 | Z88: 0.12 | AA88: 0.12 | AB88: 0.12 | AC88: 0.12 | AD88: 0.12
C89: Oppties needed | G89: =OFFSET(G87,,Drivers!$C$32)/OFFSET(G88,,Drivers!$C$32) -> 54.325 | H89: =OFFSET(H87,,Drivers!$C$32)/OFFSET(H88,,Drivers!$C$32) -> 54.8375 | I89: =OFFSET(I87,,Drivers!$C$32)/OFFSET(I88,,Drivers!$C$32) -> 79.266667 | J89: =OFFSET(J87,,Drivers!$C$32)/OFFSET(J88,,Drivers!$C$32) -> 74.3125 | K89: =OFFSET(K87,,Drivers!$C$32)/OFFSET(K88,,Drivers!$C$32) -> 74.3125 | L89: =OFFSET(L87,,Drivers!$C$32)/OFFSET(L88,,Drivers!$C$32) -> 99.083333 | M89: =OFFSET(M87,,Drivers!$C$32)/OFFSET(M88,,Drivers!$C$32) -> 104.0375 | N89: =OFFSET(N87,,Drivers!$C$32)/OFFSET(N88,,Drivers!$C$32) -> 104.0375 | ... AD89: =OFFSET(AD87,,Drivers!$C$32)/OFFSET(AD88,,Drivers!$C$32) -> #DIV/0!
C90: SQL (meeting set) to Oppty | G90: 0.8 | H90: 0.7 | I90: 0.7 | J90: 0.7 | K90: 0.7 | L90: 0.7 | M90: 0.7 | N90: 0.7 | O90: 0.7 | P90: 0.7 | Q90: 0.7 | R90: 0.7 | S90: 0.7 | T90: 0.7 | U90: 0.7 | V90: 0.7 | W90: 0.7 | X90: 0.7 | Y90: 0.7 | Z90: 0.7 | AA90: 0.7 | AB90: 0.7 | AC90: 0.7 | AD90: 0.7
C91: SQLs needed | G91: =OFFSET(G89,,Drivers!$C$35)/OFFSET(G90,,Drivers!$C$35) -> 78.339286 | H91: =OFFSET(H89,,Drivers!$C$35)/OFFSET(H90,,Drivers!$C$35) -> 113.2381 | I91: =OFFSET(I89,,Drivers!$C$35)/OFFSET(I90,,Drivers!$C$35) -> 106.16071 | J91: =OFFSET(J89,,Drivers!$C$35)/OFFSET(J90,,Drivers!$C$35) -> 106.16071 | K91: =OFFSET(K89,,Drivers!$C$35)/OFFSET(K90,,Drivers!$C$35) -> 141.54762 | L91: =OFFSET(L89,,Drivers!$C$35)/OFFSET(L90,,Drivers!$C$35) -> 148.625 | M91: =OFFSET(M89,,Drivers!$C$35)/OFFSET(M90,,Drivers!$C$35) -> 148.625 | N91: =OFFSET(N89,,Drivers!$C$35)/OFFSET(N90,,Drivers!$C$35) -> 198.16667 | ... AD91: =OFFSET(AD89,,Drivers!$C$35)/OFFSET(AD90,,Drivers!$C$35) -> #DIV/0!
B93: PipeGen Sources
B94: 0.2 | C94: SDR Outbound | G94: =G$73*$B94 -> 8 | H94: =H$73*$B94 -> 12.266667 | I94: =I$73*$B94 -> 13.44 | J94: =J$73*$B94 -> 14.56 | K94: =K$73*$B94 -> 20.16 | L94: =L$73*$B94 -> 8.96 | M94: =M$73*$B94 -> 8.96 | N94: =N$73*$B94 -> 11.946667 | ... AD94: =AD$73*$B94 -> #DIV/0!
B95: 0.3 | C95: Marketing | G95: =G$73*$B95 -> 12 | H95: =H$73*$B95 -> 18.4 | I95: =I$73*$B95 -> 20.16 | J95: =J$73*$B95 -> 21.84 | K95: =K$73*$B95 -> 30.24 | L95: =L$73*$B95 -> 13.44 | M95: =M$73*$B95 -> 13.44 | N95: =N$73*$B95 -> 17.92 | ... AD95: =AD$73*$B95 -> #DIV/0!
B96: 0.4 | C96: AE | G96: =G$73*$B96 -> 16 | H96: =H$73*$B96 -> 24.533333 | I96: =I$73*$B96 -> 26.88 | J96: =J$73*$B96 -> 29.12 | K96: =K$73*$B96 -> 40.32 | L96: =L$73*$B96 -> 17.92 | M96: =M$73*$B96 -> 17.92 | N96: =N$73*$B96 -> 23.893333 | ... AD96: =AD$73*$B96 -> #DIV/0!
B97: 0.1 | C97: Partners | G97: =G$73*$B97 -> 4 | H97: =H$73*$B97 -> 6.1333333 | I97: =I$73*$B97 -> 6.72 | J97: =J$73*$B97 -> 7.28 | K97: =K$73*$B97 -> 10.08 | L97: =L$73*$B97 -> 4.48 | M97: =M$73*$B97 -> 4.48 | N97: =N$73*$B97 -> 5.9733333 | ... AD97: =AD$73*$B97 -> #DIV/0!
C98: Total Oppties | G98: =SUM(G94:G97) -> 40 | H98: =SUM(H94:H97) -> 61.333333 | I98: =SUM(I94:I97) -> 67.2 | J98: =SUM(J94:J97) -> 72.8 | K98: =SUM(K94:K97) -> 100.8 | L98: =SUM(L94:L97) -> 44.8 | M98: =SUM(M94:M97) -> 44.8 | N98: =SUM(N94:N97) -> 59.733333 | ... AD98: =SUM(AD94:AD97) -> #DIV/0!
B101: TOTAL Pipeline
C102: SDR Outbound | G102: =G94+G78 -> 20 | H102: =H94+H78 -> 30.666667 | I102: =I94+I78 -> 33.6 | J102: =J94+J78 -> 36.4 | K102: =K94+K78 -> 50.4 | L102: =L94+L78 -> 22.4 | M102: =M94+M78 -> 22.4 | N102: =N94+N78 -> 29.866667 | ... AD102: =AD94+AD78 -> #DIV/0!
C103: Marketing | G103: =G95+G79 -> 28 | H103: =H95+H79 -> 42.933333 | I103: =I95+I79 -> 47.04 | J103: =J95+J79 -> 50.96 | K103: =K95+K79 -> 70.56 | L103: =L95+L79 -> 31.36 | M103: =M95+M79 -> 31.36 | N103: =N95+N79 -> 41.813333 | ... AD103: =AD95+AD79 -> #DIV/0!
C104: AE | G104: =G96+G80 -> 22 | H104: =H96+H80 -> 33.733333 | I104: =I96+I80 -> 36.96 | J104: =J96+J80 -> 40.04 | K104: =K96+K80 -> 55.44 | L104: =L96+L80 -> 24.64 | M104: =M96+M80 -> 24.64 | N104: =N96+N80 -> 32.853333 | ... AD104: =AD96+AD80 -> #DIV/0!
C105: Partners | G105: =G97+G81 -> 10 | H105: =H97+H81 -> 15.333333 | I105: =I97+I81 -> 16.8 | J105: =J97+J81 -> 18.2 | K105: =K97+K81 -> 25.2 | L105: =L97+L81 -> 11.2 | M105: =M97+M81 -> 11.2 | N105: =N97+N81 -> 14.933333 | ... AD105: =AD97+AD81 -> #DIV/0!
C107: Total Oppties | G107: =SUM(G102:G106) -> 80 | H107: =SUM(H102:H106) -> 122.66667 | I107: =SUM(I102:I106) -> 134.4 | J107: =SUM(J102:J106) -> 145.6 | K107: =SUM(K102:K106) -> 201.6 | L107: =SUM(L102:L106) -> 89.6 | M107: =SUM(M102:M106) -> 89.6 | N107: =SUM(N102:N106) -> 119.46667 | ... AD107: =SUM(AD102:AD106) -> #DIV/0!

Sheet Drivers
A1: Sales Capacity Planning Drivers
B4: Quota | C4: FY25
B5: Account Executives - Enterprise | C5: 1200000
B6: Account Executives - Mid Market | C6: 600000
B7: Account Executives - SMB | C7: 750000
C9: Months>>>
B10: AE Ramping | C10: 1 | D10: 2 | E10: 3 | F10: 4 | G10: 5 | H10: 6 | I10: 7 | J10: 8 | K10: 9 | L10: 10 | M10: 11 | N10: 12
B11: Account Executives - Enterprise | C11: 0 | D11: 0 | E11: 0 | F11: 0.25 | G11: 0.5 | H11: 0.5 | I11: 0.75 | J11: 0.75 | K11: 1 | L11: 1 | M11: 1 | N11: 1
B12: Account Executives - Mid Market | C12: 0 | D12: 0 | E12: 0.25 | F12: 0.5 | G12: 0.75 | H12: 1 | I12: 1 | J12: 1 | K12: 1 | L12: 1 | M12: 1 | N12: 1
B13: Account Executives - SMB | C13: 0 | D13: 0 | E13: 0.5 | F13: 0.75 | G13: 1 | H13: 1 | I13: 1 | J13: 1 | K13: 1 | L13: 1 | M13: 1 | N13: 1
B15: Overassign | C15: 0.18
B17: Linearity | C17: Q1 | D17: Q2 | E17: Q3 | F17: Q4
C18: 0.2 | D18: 0.2 | E18: 0.25 | F18: 0.35
C20: M1 | D20: M2 | E20: M3
C21: 0.3 | D21: 0.3 | E21: 0.4
C23: Q1M1 | D23: Q1M2 | E23: Q1M3 | F23: Q2M1 | G23: Q2M2 | H23: Q2M3 | I23: Q3M1 | J23: Q3M2 | K23: Q3M3 | L23: Q4M1 | M23: Q4M2 | N23: Q4M3
C24: =XLOOKUP(LEFT(C23,2),$C$17:$F$17,$C$18:$F$18)*XLOOKUP(RIGHT(C23,2),$C$20:$E$20,$C$21:$E$21) -> 0.06 | D24: =XLOOKUP(LEFT(D23,2),$C$17:$F$17,$C$18:$F$18)*XLOOKUP(RIGHT(D23,2),$C$20:$E$20,$C$21:$E$21) -> 0.06 | E24: =XLOOKUP(LEFT(E23,2),$C$17:$F$17,$C$18:$F$18)*XLOOKUP(RIGHT(E23,2),$C$20:$E$20,$C$21:$E$21) -> 0.08 | F24: =XLOOKUP(LEFT(F23,2),$C$17:$F$17,$C$18:$F$18)*XLOOKUP(RIGHT(F23,2),$C$20:$E$20,$C$21:$E$21) -> 0.06 | G24: =XLOOKUP(LEFT(G23,2),$C$17:$F$17,$C$18:$F$18)*XLOOKUP(RIGHT(G23,2),$C$20:$E$20,$C$21:$E$21) -> 0.06 | H24: =XLOOKUP(LEFT(H23,2),$C$17:$F$17,$C$18:$F$18)*XLOOKUP(RIGHT(H23,2),$C$20:$E$20,$C$21:$E$21) -> 0.08 | I24: =XLOOKUP(LEFT(I23,2),$C$17:$F$17,$C$18:$F$18)*XLOOKUP(RIGHT(I23,2),$C$20:$E$20,$C$21:$E$21) -> 0.075 | J24: =XLOOKUP(LEFT(J23,2),$C$17:$F$17,$C$18:$F$18)*XLOOKUP(RIGHT(J23,2),$C$20:$E$20,$C$21:$E$21) -> 0.075 | ... N24: =XLOOKUP(LEFT(N23,2),$C$17:$F$17,$C$18:$F$18)*XLOOKUP(RIGHT(N23,2),$C$20:$E$20,$C$21:$E$21) -> 0.14
B26: Churn | C26: 0.1
B28: Expansion % of New ARR | C28: 0.2
B30: Pipeline Drivers (in months)
B31: ENTERPRISE Oppty-to-Close TTC | C31: 7 | D31: *TTC = time to close
B32: Mid Market & SMB Oppty-to-Close TTC | C32: 3
B34: ENTERPRISE SQL-to-OpptyTTC | C34: 1
B35: Mid Market & SMB SQL-to-Oppty TTC | C35: 1
